company_sentiment,cash_debt_status,ma_strategy,analyst_hot_topics,risk_flags,key_metrics,company,file_source,processed_at
0.8,现金流强劲，数据中⼼业务驱动盈利能⼒提升，但需持续投资AI和供应链以⽀持增长；负债状况未明确提及，但通过收购（如Silo AI）和研发投资显⽰财务灵活性,收购策略聚焦于增强AI和软件能⼒，如以6.65亿美元收购Silo AI，以获取300名⼯程师并加速客户部署；动机是弥补软件和系统集成⽅⾯的差距，⽴场是积极投资以把握AI机遇，同时保持盈利性,"['MI300 GPU的供应限制和盈利前景，包括HBM内存挑战和长期利润率扩张信⼼', '第三季度收⼊增⻓在各业务部⻔（数据中⼼、客户端、嵌⼊式）的分配细节', 'Instinct产品与竞争对⼿在机架级性能和系统集成（如UALink）⽅⾯的差距及改进计划']","['供应链紧张将持续⾄2025年，可能影响MI300 GPU的供应', '游戏和嵌⼊式业务收⼊⼤幅下滑（分别同⽐下降59%和41%），需求疲软和库存调整带来挑战', '竞争加剧和AI投资需求可能压缩利润率，尽管管理层表达信⼼']","['Q2 2024收⼊58亿美元，同⽐增⻓9%', '数据中⼼业务收⼊同⽐增⻓80%，⾸次超过10亿美元', '客户端业务收⼊同⽐增⻓49%⾄15亿美元，营业收⼊8900万美元', '游戏业务收⼊同⽐下降59%⾄6.48亿美元', '嵌⼊式业务收⼊同⽐下降41%⾄8.61亿美元', '⽑利率扩张3个百分点以上，每股收益增⻓19%', 'Q3 2024收⼊指引约67亿美元，环比增⻓15%', 'AMD驱动的云实例数量增⻓34%⾄超过900个', '企业服务器销售中，超过1/3来⾃⾸次部署EPYC处理器的客户']",AMD,2024_Q2_amd_processed.txt,2025-12-18 14:28:20
0.8,强劲现金流，运营利润率32%，Google Cloud首次实现季度运营利润10亿美元，但需平衡AI和云基础设施的巨额投资,积极投资AI和云基础设施，宣布向Waymo投资50亿美元以增强自动驾驶技术，采取内部研发策略控制技术演进，长期致力于AI领导地位,"['AI在云业务中的采用程度、战略定位及对收入增长的潜在刺激作用', 'YouTube订阅服务的增长动力、消费者对订阅层媒体产品的接受度及直接响应广告与品牌广告的贡献变化', 'AI资本支出的投资回报率、行业产能过剩风险及基础模型改进是否面临数据瓶颈']","['第三季度运营利润率将反映技术基础设施投资增加导致的折旧和费用上升', 'AI和云领域的持续投资需要谨慎的财务平衡，可能导致短期利润率波动', 'YouTube增长因周年化价格调整和外汇逆风而减速', '生成式音频和视频体验等AI应用场景仍需时间成熟']","[{'metric': '总收入', 'value': '847亿美元', 'growth': '14%', 'meaning': '整体业务强劲增长，主要由Google搜索和云业务驱动'}, {'metric': '运营收入', 'value': '274亿美元', 'growth': '26%', 'meaning': '成本基础重新设计和运营效率提升推动利润率扩张'}, {'metric': '运营利润率', 'value': '32%', 'growth': '提升', 'meaning': 'Google服务运营利润率保持在40%左右，反映搜索业务强劲表现'}, {'metric': 'Google Cloud收入', 'value': '103亿美元', 'growth': '29%', 'meaning': '首次突破100亿美元季度收入，AI应用推动GCP使用量大幅增长'}, {'metric': 'Google Cloud运营利润', 'value': '10亿美元', 'growth': '首次实现', 'meaning': '里程碑式突破，运营利润率达到11%'}, {'metric': 'YouTube广告收入', 'value': '87亿美元', 'growth': '13%', 'meaning': '品牌和直接响应广告改进推动增长，Shorts和联网电视内容观看时间显著增加'}, {'metric': 'AI基础设施和生成式AI解决方案收入', 'value': '数十亿美元', 'growth': '未具体说明', 'meaning': '已被超过200万开发者使用，显示AI商业化进展'}, {'metric': 'YouTube订阅收入增长', 'value': '14%', 'growth': '14%', 'meaning': '由YouTube TV和YouTube Music Premium订阅用户增长驱动'}, {'metric': 'Demand Gen广告活动转化率提升', 'value': '6%', 'growth': '未具体说明', 'meaning': '同时使用图像和视频广告的广告主比仅使用图像的广告主每美元获得更多转化'}]",Alphabet,2024_Q2_googl_processed.txt,2025-12-18 14:28:25
0.8,"Strong cash generation with €336M free cash flow in Q1, net debt of €2.46B at manageable 1.1x net debt-to-EBITDA leverage ratio. Guidance for €1.2-1.25B free cash flow in 2024.",Active acquisition strategy focused on enhancing core capabilities: acquired Vision-Box for biometric solutions and Voxel Media for electronic invoicing/payments. Management indicates continued M&A focus to grow core business while maintaining flexibility for shareholder returns.,"['Impact of direct connect initiatives on booking volumes and revenue mix, particularly in North America', 'Gross margin pressure dynamics, especially within air distribution segment and cost structure evolution', 'Capital allocation priorities between M&A, share buybacks, and maintaining leverage targets']","['Western Europe recovery lagging at 64% of 2019 levels due to airline strikes and seasonality effects', 'Cost pressures from transaction processing, cloud migration, and global salary increases', 'Competitive pressure from direct connect initiatives impacting leisure bookings', 'Customer consolidation (Amex GBT/CWT merger) potentially increasing bargaining power against GDS providers']","[{'metric': 'Revenue growth', 'value': '14.1% YoY', 'meaning': 'Strong overall performance across all business segments'}, {'metric': 'EBIT growth', 'value': '19.1% YoY', 'meaning': 'Faster profit growth than revenue, indicating margin expansion'}, {'metric': 'Free cash flow (Q1)', 'value': '€336M', 'meaning': 'Solid cash generation supporting strategic investments and returns'}, {'metric': 'Net debt-to-EBITDA', 'value': '1.1x', 'meaning': 'Conservative leverage position providing financial flexibility'}, {'metric': 'Air distribution revenue growth', 'value': '12.6% YoY', 'meaning': 'Core business growth though moderating due to booking mix effects'}, {'metric': 'Air IT Solutions revenue growth', 'value': '17% YoY', 'meaning': 'Driven by PB volume increase and 0.6% higher revenue per PB'}, {'metric': 'Hospitality segment growth', 'value': '13.2% YoY', 'meaning': 'Strong performance from new customer implementations and volume expansion'}, {'metric': 'R&D investment growth', 'value': '8.6% YoY', 'meaning': 'Continued focus on innovation and technology development'}, {'metric': 'Cost of revenue increase', 'value': '19.3% YoY', 'meaning': 'Higher due to business volume expansion and variable cost components'}, {'metric': 'Year-to-date volume evolution (Q1+April)', 'value': '~+4%', 'meaning': 'Improving trend with positive holiday seasonality and working day effects'}]",Amadeus,2024_Q1_ams_processed.txt,2025-12-18 14:28:26
0.8,"Strong cash generation with $2.02 billion in operating cash flow, $18.14 billion in remaining performance obligations (RPO) backlog, and $20.15 billion remaining in share repurchase authorization, indicating robust financial health and liquidity.",No specific M&A strategy mentioned in this call. Focus remains on organic innovation and AI integration across existing product portfolio rather than acquisitions.,"['Go-to-market investment strategy and timeline for Express product expansion, questioning whether current high marketing spend can be tapered for margin expansion', 'Digital Experience business performance and Q4 guidance dynamics, particularly regarding RPO strength versus revenue guidance', 'AI monetization strategy and timeline across products like Acrobat AI Assistant, Firefly Services, and premium Experience Cloud SKUs']","['Enterprises scrutinizing deals more carefully, requiring stronger ROI justification for purchases', 'Seasonality factors affecting business performance, particularly summer slowdown and Cyber Monday timing', 'Competitive pressure requiring continuous innovation investment while maintaining profitability']","[{'metric': 'Q3 Revenue', 'value': '$5.41 billion', 'growth': '11% YoY', 'meaning': 'Strong overall company performance'}, {'metric': 'GAAP EPS', 'value': '$3.76', 'growth': '23% YoY', 'meaning': 'Significant earnings growth'}, {'metric': 'Non-GAAP EPS', 'value': '$4.65', 'growth': '14% YoY', 'meaning': 'Healthy adjusted profitability'}, {'metric': 'Digital Media Revenue', 'value': '$4.00 billion', 'growth': '12% YoY', 'meaning': 'Core creative/document business strength'}, {'metric': 'Document Cloud Revenue', 'value': '$807 million', 'growth': '18% YoY', 'meaning': 'Strong growth driven by AI enhancements'}, {'metric': 'Digital Experience Revenue', 'value': '$1.35 billion', 'growth': '10% YoY', 'meaning': 'Enterprise business maintaining solid growth'}, {'metric': 'Net New Digital Media ARR', 'value': '$504 million', 'growth': 'N/A', 'meaning': 'Strong subscription business momentum'}, {'metric': 'Firefly Content Generations', 'value': '12+ billion', 'growth': 'N/A', 'meaning': 'High AI adoption across ecosystem'}, {'metric': 'Operating Cash Flow', 'value': '$2.02 billion', 'growth': 'N/A', 'meaning': 'Strong cash generation capability'}, {'metric': 'Remaining Performance Obligations', 'value': '$18.14 billion', 'growth': 'N/A', 'meaning': 'Large contracted future revenue backlog'}, {'metric': 'Q4 Revenue Guidance', 'value': '$5.50-$5.55 billion', 'growth': 'N/A', 'meaning': 'Continued growth expectations'}, {'metric': 'Express Usage Growth', 'value': '70% YoY', 'growth': '70% YoY', 'meaning': 'Strong adoption of new creative platform'}, {'metric': 'Express Business Customers', 'value': '1,500+', 'growth': 'N/A', 'meaning': 'Enterprise traction for new product'}]",Adobe,2024_Q3_adbe_processed.txt,2025-12-18 14:28:29
0.4,财务稳健，净现金头寸强劲。净现金头寸为87亿欧元，流动性超过300亿欧元，自由现金流指引为40亿欧元（扣除客户融资前）。尽管Q1自由现金流为负18亿欧元，但这是由于库存增加以支持生产爬坡所致。,收购策略审慎，专注于有机增长和战略合作伙伴关系。公司终止了与Atos关于BDS的潜在交易，强调并未为此预留现金。重点是通过与Tata Group等合作伙伴建立本地化生产能力（如印度H125总装线）来加强市场地位。对Spirit等供应商的潜在机会持开放态度，但未明确承诺。,"['A350生产速率提升：分析师关注从每月10架提升至12架的具体投资计划、供应链准备情况以及为何放弃2026年每月10架的旧目标。', '国防与航天（ADS）盈利能力：分析师追问利润率改善的时间表和具体措施，管理层回应预计需要数年才能实现中高个位数利润率目标。', '供应链与竞争影响：分析师询问波音的问题是否对空客供应链产生间接影响，管理层确认波音的不确定性给共同供应商带来了额外压力。']","['供应链挑战：供应链仍是生产爬坡的关键制约因素，需积极管理瓶颈并密切与供应商合作。', '地缘政治紧张：持续的地缘政治紧张局势对运营环境构成复杂挑战。', '成本压力：通胀、研发费用增加（如员工持股计划ESOP带来约1亿欧元额外成本）以及不利的对冲汇率影响利润率。', '国防与航天遗留问题：该部门盈利能力仍受历史问题拖累，转型需要时间。']","[{'metric': 'Q1 2024营收', 'value': '128亿欧元', 'growth': '同比增长9%', 'meaning': '主要由商用飞机交付量增加驱动。'}, {'metric': 'Q1 2024调整后EBIT', 'value': '6亿欧元', 'growth': '同比下降（去年同期8亿欧元）', 'meaning': '受研发费用增加、不利对冲汇率和员工持股计划成本影响。'}, {'metric': 'Q1商用飞机交付量', 'value': '142架', 'growth': '同比增长12%', 'meaning': '交付给45家客户，A220和A320系列交付显著。'}, {'metric': '净现金头寸', 'value': '87亿欧元', 'growth': '无', 'meaning': '反映公司强劲的财务健康状况和流动性。'}, {'metric': '2024年商用飞机交付指引', 'value': '约800架', 'growth': '无', 'meaning': '维持全年目标，但交付曲线预计将向后倾斜（back-end loaded）。'}, {'metric': '2024年调整后EBIT指引', 'value': '65-70亿欧元', 'growth': '无', 'meaning': '反映对全年盈利能力的信心，尽管Q1有所下降。'}, {'metric': 'A320系列积压订单', 'value': '7,177架', 'growth': '无', 'meaning': '其中约三分之二为A321，显示强劲需求。'}, {'metric': '总积压订单（单位）', 'value': '8,626架飞机', 'growth': '无', 'meaning': '截至2024年3月底，反映长期可见性。'}, {'metric': '直升机Q1交付量', 'value': '50架', 'growth': '同比下降21%', 'growth_meaning': '导致该部门营收下降9%。'}, {'metric': 'A350新生产目标', 'value': '每月12架', 'growth': '目标于2028年达成', 'meaning': '基于供应链评估和宽体机需求增长（如越捷航空、日本航空、IndiGo订单）。'}]",Airbus,2024_Q1_air_processed.txt,2025-12-18 14:28:34
0.85,现金流极其强劲，过去12个月自由现金流达514亿美元，同比增长664%，负债状况健康，为大规模投资提供充足弹药,聚焦内生增长与战略性投资，而非传统收购。重点投资方向：1) AI基础设施（Trainium/Inferentia芯片）和云服务；2) Project Kuiper卫星宽带网络（面向4-5亿无宽带家庭）；3) 区域供应链和机器人自动化。立场：通过多元化工具而非单一方案满足客户需求，同时推进零售与新兴业务,"['AWS增长可持续性：分析师关注推动AWS增长加速的三大宏观趋势（成本优化完成、基础设施云迁移、AI采用）是否可持续，以及下半年增长前景', 'AWS盈利能力与利润率：关注AWS运营利润率从去年中20%区间提升至中30%区间的驱动因素，包括服务器使用寿命调整（贡献约200基点）和成本效率，以及下半年利润率走势', '宏观环境影响与投资量化：询问欧洲宏观压力（电脑/电子产品/TV品类）是否如预期，消费者支出谨慎趋势对Q3展望的影响，以及Project Kuiper卫星项目的具体投资规模']","['宏观风险：汇率波动、全球经济/地缘政治条件变化、通胀/衰退担忧、区域劳动力市场限制、消费者支出谨慎（倾向于低价产品）', '运营风险：预测需求存在不确定性，实际结果可能大幅偏离指引；国际业务处于不同成熟阶段（新兴市场仍在投资期）', '竞争风险：虽未明言，但提及需持续创新以保持AWS在功能、安全性和合作伙伴生态方面的领导地位']","[{'metric': '总营收', 'value': '1480亿美元', 'growth': '同比增长11%（剔除汇率影响）', 'meaning': '整体业务增长稳健，反映多元化业务组合的韧性'}, {'metric': '运营收入', 'value': '147亿美元', 'growth': '同比增长91%', 'meaning': '盈利能力大幅提升，成本控制和运营效率改善显著'}, {'metric': '自由现金流（过去12个月）', 'value': '514亿美元', 'growth': '同比增长664%（增加447亿美元）', 'meaning': '现金流生成能力爆炸式增长，财务灵活性极强'}, {'metric': 'AWS营收增长率', 'value': '18.8%', 'growth': '较Q1的17.2%加速', 'meaning': '云业务增长重新加速，受AI和云迁移驱动'}, {'metric': 'AWS营收规模（年化）', 'value': '1050亿美元', 'growth': '未提供具体增长率', 'meaning': '云业务已达巨大规模，但全球IT支出90%仍在本地，增长空间广阔'}, {'metric': 'AWS未完成订单（Backlog）', 'value': '1566亿美元', 'growth': '同比增长19%', 'meaning': '未来收入能见度高，客户承诺强劲'}, {'metric': '北美营收', 'value': '900亿美元', 'growth': '同比增长9%', 'meaning': '零售业务稳健增长，运营收入51亿美元（增加19亿美元）'}, {'metric': '国际营收', 'value': '317亿美元', 'growth': '同比增长10%', 'meaning': '国际业务扭亏为盈，运营收入3亿美元（改善12亿美元）'}, {'metric': 'AI业务营收规模（年化）', 'value': '数十亿美元', 'growth': ""未提供具体增长率，但描述为'大幅增长'"", 'meaning': 'AI已成为实质性收入来源，尽管仍处早期阶段'}, {'metric': 'AWS运营利润率', 'value': '中30%区间', 'growth': '较去年中20%区间提升，服务器寿命调整贡献约200基点', 'meaning': '云业务盈利能力显著改善，受益于成本优化和效率提升'}]",Amazon,2024_Q2_amzn_processed.txt,2025-12-18 14:28:34
0.8,现金流强劲，净投资收入同比增长近17%至7.12亿美元，投资组合价值710亿美元，主动管理优化风险回报；负债方面，财产责任业务承保亏损改善19亿美元，主要得益于基础利润率提升和巨灾减少，但房主保险综合比率111.5仍带来3.75亿美元承保损失,收购策略聚焦于扩大市场份额和增强分销能力，以National General收购为例，旨在加强独立代理人渠道并进入非标准汽车保险市场；立场积极，认为收购推动了业务增长和盈利能力，并正在推进健康与福利业务剥离，以释放更多价值,"['PIF（保单数量）增长预期：分析师关注公司能否达到行业中高个位数增长水平，管理层回应未设定具体目标，但强调增长潜力高于美国资产低个位数自然增长，并指出National General已展示高增长能力', '汽车保险基础损失比率可持续性：分析师询问季度改善中是否有不可持续因素（如频率波动），管理层表示无法精确区分，强调定价基于实际数据并目标维持综合比率在90年代中期', '广告支出与州级盈利策略：分析师关注广告投入与州级盈利关系，管理层回应约2/3保费量州份达到或低于目标综合比率，另10%正通过已批准费率改善，但在纽约、新泽西等州仍谨慎控制业务量']","['宏观风险：巨灾损失持续高企（本季度仍受此影响），经济因素如驾驶频率、天气条件可能影响保险索赔频率', '竞争风险：需在增长与盈利间平衡，部分州份（如加州、纽约、新泽西）监管环境严格，费率批准进程影响业务扩张', '运营风险：房主保险综合比率仍高于100（111.5），显示承保压力；广告支出增加可能推高费用比率，需持续优化投资回报']","[{'metric': '净收入', 'value': '3.01亿美元', 'growth': 'N/A', 'business_meaning': '尽管巨灾损失高企，仍实现盈利，反映业务韧性'}, {'metric': '总收入', 'value': '157亿美元', 'growth': 'N/A', 'business_meaning': '受财产责任保费和净投资收入增长驱动'}, {'metric': '调整后净收入', 'value': '4.29亿美元（每股摊薄1.61美元）', 'growth': 'N/A', 'business_meaning': '剔除非核心费用后盈利能力指标'}, {'metric': '财产责任已赚保费', 'value': '133亿美元', 'growth': '11.9%', 'business_meaning': '汽车和房主保险费率提升推动增长'}, {'metric': '净投资收入', 'value': '7.12亿美元', 'growth': '近17%', 'business_meaning': '固定收益组合久期延长和收益率提升带来收益'}, {'metric': '汽车保险综合比率', 'value': '95.9', 'growth': '改善12.4点', 'business_meaning': '连续六季度改善，反映费率提升和损失成本控制有效'}, {'metric': '房主保险综合比率', 'value': '111.5（第二季度）', 'growth': 'N/A', 'business_meaning': '承保亏损3.75亿美元，但上半年整体承保利润1.89亿美元'}, {'metric': '保护服务收入', 'value': '7.73亿美元', 'growth': '12.7%', 'business_meaning': '保护计划业务增长强劲，受益于零售合作和国际扩张'}, {'metric': '费用比率', 'value': '21.3', 'growth': '上升0.8点', 'business_meaning': '广告支出增加导致，但调整后费用比率下降1.6点'}, {'metric': 'National General非标准汽车保费增长', 'value': '近12%', 'growth': 'N/A', 'business_meaning': '收购后独立代理人渠道增长显著，支持市场份额扩张'}]",Allstate,2024_Q2_all_processed.txt,2025-12-18 14:28:37
0.7,现金流强劲，自由现金流预计88-95亿美元，现金余额50亿美元（上年90亿美元），通过股息和股票回购向股东返还大量现金，负债状况健康，净杠杆率低，维持强劲信用评级,积极收购策略，FY24完成66亿美元战略收购，作为业务增长和扩大市场份额的关键手段，特别是在技术和人才获取方面，未来将继续进行适度收购以支持增长战略,"['GenAI业务增长轨迹和规模扩张，从概念验证转向更大规模实施', 'FY25收入指引（3-6%增长）的低端为何可能意味着有机增长持平，与第四季度势头不一致', 'GenAI服务的利润率与传统咨询业务相比如何，以及内部生产力提升进展']","['宏观经济不确定性可能影响客户可自由支配支出，特别是如果环境恶化', '各行业投资优先级不同，某些行业可能面临增长压力', '客户数据准备不足可能限制GenAI的采用速度，尽管这同时是机会', '地缘政治因素（如选举、监管变化）可能影响客户投资决策']","[{'metric': '第四季度收入', 'value': '164亿美元', 'growth': '美元增长3%，本地货币增长5%', 'meaning': '整体业务稳定增长'}, {'metric': '咨询收入', 'value': '83亿美元', 'growth': '美元增长1%', 'meaning': '咨询业务增长温和'}, {'metric': '管理服务收入', 'value': '81亿美元', 'growth': '美元增长5%，本地货币增长7%', 'meaning': '管理服务增长更强劲'}, {'metric': '全年收入', 'value': '649亿美元', 'growth': '本地货币增长2%', 'meaning': '全年业务规模'}, {'metric': '调整后营业利润率', 'value': '15%', 'change': '同比上升10个基点', 'meaning': '盈利能力略有改善'}, {'metric': '调整后每股收益', 'value': '2.79美元（第四季度）', 'change': '从2.71美元上升', 'meaning': '每股盈利增长'}, {'metric': '全年调整后每股收益', 'value': '11.95美元', 'growth': '增长2%', 'meaning': '全年盈利表现'}, {'metric': 'FY25每股收益指引', 'value': '12.55-12.91美元', 'growth': '增长5-8%', 'meaning': '预期盈利增长'}, {'metric': '自由现金流', 'value': '32亿美元（第四季度）', 'meaning': '季度现金流生成能力'}, {'metric': '全年自由现金流', 'value': '86亿美元', 'meaning': '强劲的现金生成能力'}, {'metric': 'FY25自由现金流指引', 'value': '88-95亿美元', 'meaning': '预期持续强劲现金流'}, {'metric': '现金余额', 'value': '50亿美元', 'change': '从90亿美元下降', 'meaning': '现金用于投资和股东回报'}, {'metric': '全年预订额', 'value': '810亿美元', 'growth': '本地货币增长14%', 'meaning': '未来收入管道强劲'}, {'metric': '季度预订超1亿美元客户数', 'value': '33个（第四季度）', 'change': '全年共125个，比上年多19个', 'meaning': '大客户关系深化'}, {'metric': '钻石客户数', 'value': '310个', 'change': '增加10个', 'meaning': '核心客户基础扩大'}, {'metric': 'GenAI预订额', 'value': '30亿美元（全年）', 'change': '第四季度10亿美元，第三季度增长约3亿美元', 'meaning': 'GenAI业务快速增长'}, {'metric': 'GenAI收入', 'value': '近9亿美元（全年）', 'change': 'FY23约1亿美元收入', 'meaning': 'GenAI商业化进展显著'}, {'metric': '数据与AI从业人员', 'value': '约57,000人', 'target': 'FY26目标80,000人', 'meaning': 'AI人才储备扩张'}, {'metric': '员工培训时长', 'value': '约4,400万小时', 'growth': '增长10%', 'meaning': '技能提升投资，特别是GenAI培训'}, {'metric': '战略收购投资', 'value': '66亿美元', 'meaning': '增长和扩张的重要投资'}, {'metric': '研发投资', 'value': '12亿美元', 'meaning': '创新和技术发展投入'}, {'metric': '学习与发展投资', 'value': '11亿美元', 'meaning': '人才发展投资'}, {'metric': '股东现金回报', 'value': '78亿美元（全年）', 'meaning': '通过股息和股票回购返还股东'}, {'metric': 'FY25股东回报计划', 'value': '至少83亿美元', 'meaning': '持续强劲的股东回报承诺'}, {'metric': '新增股票回购授权', 'value': '40亿美元', 'meaning': '增强股票回购能力'}, {'metric': '季度股息', 'value': '1.48美元/股', 'growth': '增长15%', 'meaning': '股息增长反映信心'}, {'metric': '应收账款周转天数', 'value': '46天', 'change': '略有增加', 'meaning': '收款效率轻微变化'}, {'metric': 'FY25营业利润率指引', 'value': '15.6-15.8%', 'change': '比FY24调整后结果扩张10-30个基点', 'meaning': '预期利润率改善'}, {'metric': 'FY25有效税率指引', 'value': '22.5-24.5%', 'meaning': '税务环境预期'}]",Accenture,2024_Q4_acn_processed.txt,2025-12-18 14:28:46
0.7,稳健的资本状况，CET1比率为11.9%，高于监管要求；存款增长2%，客户余额达5.7万亿美元；执行35亿美元股票回购，支付19亿美元股息，并计划将季度股息提高8%。,未明确提及收购策略；重点强调有机增长，通过增加客户关系、扩大市场份额和数字能力增强来实现增长；资本优先用于支持业务增长（如贷款增长），而非大规模收购。,"['存款定价策略与利率敏感性：分析师关注在美联储降息预期下，银行如何调整存款成本，以及资产敏感性向中性或负债敏感性的转变条件。', '资本水平与监管：讨论目标资本水平、监管规则（如SCB）的不确定性，以及资本在业务增长与股东回报间的分配策略。', '非息存款趋势：询问非息存款下降放缓的原因，分析客户细分和季节性因素（如税务支付）的影响。']","['宏观风险：利率环境波动（如美联储降息预期）可能影响净利息收入；经济挑战导致信贷损失拨备增加，特别是在商业房地产领域。', '竞争风险：数字渠道重要性上升（数字销售占消费银行业务53%），需持续投资以保持竞争力；存款竞争可能加剧定价压力。', '运营风险：资金成本上升带来压力；费用增长与业务收入紧密相关，可能影响利润率；监管变化（如资本规则）带来不确定性。']","['净收入：69亿美元，每股收益0.83美元。', '营收：56亿美元，同比增长6%，非息收入占比46%。', '资产管理费：增长14%，财富管理业务表现强劲。', '投资银行费：增长29%，受债务资本市场推动。', '销售和交易收入：增长7%，连续第九个季度增长。', '存款：同比增长2%，新增27.8万个净新支票账户。', '移动用户：超过4700万活跃用户，本季度登录35亿次。', '净利息收入（NII）：预计Q4达145亿美元，较Q2低谷增长4-5%。', 'CET1比率：11.9%，高于监管要求。', '股票回购：35亿美元，股息支付19亿美元，计划股息增加8%。', '客户余额：5.7万亿美元，涵盖贷款、存款和投资。', '资产流动：过去四个季度580亿美元。']",Bank of America,2024_Q2_bac_processed.txt,2025-12-18 14:28:50
0.8,强劲现金流，负债可控。汽车部门预计2024年自由现金流超过60亿欧元，EBIT利润率维持在8%-10%目标区间内。金融服务部门新合同增长21.5%，但收益因信贷风险拨备增加而下降。,未提及具体收购策略。管理层立场聚焦于内部增长、供应链透明度和成本控制，强调通过Catena-X等项目加强供应链韧性，而非外部并购。,"['供应链稳定性及与竞争对手的差异', '欧盟CO2排放法规及公司建议（如逐年递减目标、纳入燃料监管）', '中国市场竞争及潜在关税影响']","['中国市场需求波动（Q1销量下降4%，主因车型换代）', '欧盟监管风险（CO2法规、潜在关税威胁竞争力）', '成本压力（通胀导致制造成本上升）', '新竞争者进入（如小米等中国品牌）']","['Q1交付车辆595,000辆，同比增长1.1%', '电动车销量增长27.9%（宝马品牌增长40.6%）', '集团EBT利润率11.4%（高于10%战略目标）', '汽车部门EBIT利润率8.8%（目标区间8%-10%）', 'Q1研发投资23亿欧元，全年研发比率预计超5%', '中国电动车销量增长18%', '美国经销商库存天数28天（行业平均48天）']",BMW,2024_Q1_bmw_processed.txt,2025-12-18 14:28:50
0.8,现金流强劲，费用收入持续增长，管理资产规模超过1万亿美元，负债情况稳健，87%的费用资本与长期或永久资本挂钩，运营杠杆改善推动利润率提升至55%,收购策略聚焦于价值投资，收购提供基本产品和服务、产生弹性现金流的企业；使用适度杠杆，依赖深度运营能力；近期收购Castlelake以多元化产品供应；与Brookfield Reinsurance合作增强保险解决方案能力；整体立场积极，预计未来4年增加1万亿美元资产管理规模,"['2024年900-1000亿美元资金流入目标的实现进度及信心，当前已筹集约300亿美元，旗舰基金将在下半年加速', '保险业务增长前景，包括AEL授权运行率效应、年金业务增长及保险SMA（单独管理账户）发展', '市场环境对并购活动的影响，包括利率下降、流动性改善对交易活动和估值的推动作用']","['宏观风险：市场波动性存在，尽管公司对整体市场条件持乐观态度，但需关注利率变化和经济增长放缓的影响', '竞争风险：并购市场竞争理性但存在，需警惕竞标行为可能变得过度激进', '运营风险：房地产领域的变现活动仍具机会性，依赖特定资产而非广泛基础；部分变现产生的业绩报酬（carry）可能不归BAM账户所有']","[{'metric': '费用收入', 'value': '11亿美元（第二季度）', 'growth': '同比增长6%', 'meaning': '反映公司核心资产管理业务的收入增长'}, {'metric': '费用相关收益（FRE）', 'value': '5.83亿美元（第二季度）', 'growth': '同比增长6%', 'meaning': '衡量公司盈利能力的核心指标'}, {'metric': '费用资本', 'value': '5140亿美元', 'growth': '同比增长17%，环比增长12%', 'meaning': '管理资产规模的关键组成部分，显示资本增长强劲'}, {'metric': '新筹集资本', 'value': '680亿美元（第二季度）', 'growth': 'N/A', 'meaning': '反映公司筹资能力和市场吸引力'}, {'metric': '信贷业务收入增长', 'value': '19%（第二季度同比增长）', 'growth': '同比增长19%', 'meaning': '信贷业务成为主要收入驱动力'}, {'metric': '保险资本', 'value': '880亿美元', 'growth': 'N/A', 'meaning': 'AEL授权后保险解决方案渠道的资本规模'}, {'metric': '财富渠道净流入', 'value': '20亿美元（第二季度）', 'growth': 'N/A', 'meaning': '零售财富产品的资金流入情况'}, {'metric': '长期资本占比', 'value': '87%', 'growth': 'N/A', 'meaning': '显示收益的稳定性和可预测性'}, {'metric': '利润率', 'value': '55%', 'growth': '环比提升1%', 'meaning': '运营杠杆改善，盈利能力增强'}]",BAM,2024_Q2_bam_processed.txt,2025-12-18 14:28:55
0.8,现金流强劲，资本状况健康。CET1比率为10.8%，压力测试显示为最具盈利能力的金融机构之一。本季度向股东返还23亿美元资本，包括18亿美元股票回购。信贷损失准备金56亿美元，占贷款和卡应收账款的2.8%。,通过收购Tock和Rooam扩大餐饮业务组合，增强数字产品供应。这些收购旨在扩展餐饮预订平台Resy，为餐饮商户提供更全面的数字解决方案。管理层立场积极，认为这些收购将推动增长并增强市场竞争力。,"['信贷质量展望：分析师关注信贷损失率是否稳定，以及准备金率的变化趋势。管理层表示信贷损失率将稳定在约2.1%，准备金率可能从2.8%微升至2.9%。', 'EPS增长目标：分析师询问2025年中期EPS增长目标是否仍为两位数。管理层确认目标不变，但需调整一次性收益（Accertify出售收益）的影响。', '净利息收入与贷款增长关系：分析师关注净利息收入增长是否会放缓，以及是否面临利润率压力。管理层预计净利息收入增长将适度放缓，但贷款增长仍将保持两位数。']","['宏观风险：管理层提到在增长放缓的环境下运营，并假设当前支出水平持续作为收入指引的基础。', '运营风险：运营费用预计在年底季节性增加，技术投资和控制管理能力投资可能对利润构成压力。', '竞争风险：全球和大企业支出从上一季度的5%放缓至0%，尽管管理层称无重大变化，但可能反映企业客户支出行为变化。']","[{'metric': '季度收入', 'value': '163亿美元', 'growth': '同比增长9%', 'meaning': '创历史新高，反映业务规模扩大'}, {'metric': '季度净利润', 'value': '30亿美元', 'growth': '同比增长44%（调整后为21%）', 'meaning': '核心业务盈利能力强，排除一次性收益后仍稳健增长'}, {'metric': '每股收益（EPS）', 'value': '4.15美元', 'growth': '调整后同比增长21%', 'meaning': '盈利增长强劲，管理层上调全年指引'}, {'metric': '全年EPS指引', 'value': '13.30-13.80美元', 'growth': '从12.65-13.15美元上调', 'meaning': '基于上半年强劲表现和下半年预期'}, {'metric': '全年收入增长指引', 'value': '9%-11%', 'growth': '与之前一致', 'meaning': '预期持续增长，但假设支出环境稳定'}, {'metric': '年度营销投资', 'value': '约60亿美元', 'growth': '较去年增加8亿美元', 'meaning': '全部由核心业务资助，旨在推动未来增长'}, {'metric': '新卡增加数量', 'value': '330万张', 'growth': '本季度新增', 'meaning': '反映产品吸引力和市场需求强劲'}, {'metric': '卡费收入增长', 'value': '16%（经外汇调整）', 'growth': '连续24个季度两位数增长', 'meaning': '会员忠诚度和产品更新策略成功'}, {'metric': '净利息收入增长', 'value': '20%', 'growth': '受循环贷款余额增加推动', 'meaning': '贷款业务扩张，但预计增长将适度放缓'}, {'metric': '信贷损失率', 'value': '约2.1%', 'growth': '预计下半年稳定', 'meaning': '信贷质量强劲，专注于优质客户策略有效'}, {'metric': '准备金率', 'value': '2.8%', 'growth': '可能微升至2.9%', 'meaning': '反映贷款余额增长和轻微拖欠率上升预期'}, {'metric': '运营费用增长', 'value': '3%（排除一次性收益）', 'growth': '低于收入增长', 'meaning': '运营效率高，但年底可能季节性增加'}]",AXP,2024_Q2_axp_processed.txt,2025-12-18 14:29:01
0.7,现金及投资余额达168亿美元，季度环比增长，自由现金流强劲达24亿美元，同时通过股票回购和股息向股东返还19亿美元，财务状况健康,未提及具体收购策略，但强调通过有机增长和战略举措（如扩大替代住宿、增强AI能力、发展连接旅行愿景）来推动长期增长，对B2B业务持积极态度但规模相对较小,"['成本结构灵活性：分析师关注在行业定价压力下，公司如何调整成本结构以维持调整后EBITDA利润率', '替代住宿竞争地位：询问在美国市场是否达到供应平价，以及如何通过营销和折扣加速份额增长', 'B2B业务战略：探讨公司B2B业务相对较小是否出于战略考虑，以及对该机会的看法']","['宏观风险：欧洲旅游市场增长温和放缓，汇率波动对第三季度总预订量产生1%的负面影响', '运营风险：预订窗口缩短影响房间夜数增长，IT费用增加可能带来压力', '竞争风险：替代住宿领域营销强度加剧，美国市场供应仍需追赶竞争对手']","[{'metric': '第二季度营收', 'value': '59亿美元', 'growth': '同比增长7%', 'meaning': '反映公司核心业务增长势头'}, {'metric': '第二季度调整后EBITDA', 'value': '19亿美元', 'growth': '同比增长7%', 'meaning': '盈利能力保持稳定增长'}, {'metric': '房间夜数', 'value': '2.87亿间夜', 'growth': '同比增长7%', 'meaning': '平台需求持续强劲'}, {'metric': '调整后每股收益', 'value': '41.90美元', 'growth': '同比增长11%', 'meaning': '盈利能力提升，受益于资本回报计划'}, {'metric': '现金及投资余额', 'value': '168亿美元', 'growth': '较第一季度164亿美元增长', 'meaning': '公司流动性充裕'}, {'metric': '自由现金流', 'value': '24亿美元', 'growth': '季度数据', 'meaning': '运营现金流生成能力强'}, {'metric': '替代住宿房源', 'value': '780万', 'growth': '同比增长11%', 'meaning': '业务多元化进展良好'}, {'metric': '机票预订量', 'value': '未提供具体数值', 'growth': '同比增长28%', 'meaning': '连接旅行战略取得成效'}, {'metric': '第三季度房间夜数增长指引', 'value': '3-5%', 'growth': '环比预期', 'meaning': '增长有所放缓，受预订窗口和欧洲市场影响'}, {'metric': '第三季度总预订量增长指引', 'value': '2-4%', 'growth': '环比预期', 'meaning': '受汇率波动影响'}, {'metric': '全年营收增长指引', 'value': '超过7%', 'growth': '年度预期', 'meaning': '基于上半年强劲表现和支付收入增长'}, {'metric': '全年调整后每股收益增长指引', 'value': '超过15%', 'growth': '年度预期', 'meaning': '盈利能力持续改善'}, {'metric': '固定运营费用增长指引', 'value': '低两位数', 'growth': '从低至中双位数下调', 'meaning': '成本控制措施见效'}]",BKNG,2024_Q2_bkng_processed.txt,2025-12-18 14:29:05
0.8,CET1资本比率12.75%，远高于监管要求和目标范围，资本实力强劲。尽管因市场影响和强劲贷款增长导致季度下降7个基点，但仍保持稳健资本状况。现金流充足，支持可持续盈利和市场份额增长。,积极推动收购Sabadell，预计产生8.5亿欧元协同效应，主要来自行政和技术节约、人员节约及融资节约。管理层强调收购将增强贷款能力，并认为市场是国家级竞争，不会触发25%的区域市场份额限制。,"['墨西哥业务前景，包括GDP增长放缓、比索贬值对盈利的影响，以及贷款增长和风险成本展望', '土耳其业务潜力，特别是净利息收入扩张、通胀下降带来的上行空间，以及风险成本可能上升的担忧', '收购Sabadell的协同效应细节，包括分支网络整合计划（仅关闭300家重叠分支）和监管合规问题']","['墨西哥比索贬值带来的汇率风险，以及墨西哥新政府上任和美国大选可能带来的市场波动', '土耳其高利率环境（50%）可能导致风险成本上升，尽管当前风险成本低于预期', '宏观不确定性，包括墨西哥GDP增长放缓和通胀变化对业务的影响']","[{'metric': '第二季度净归属利润', 'value': '79亿欧元', 'growth': '同比增长38%', 'meaning': '反映强劲盈利能力和业务增长'}, {'metric': '每股收益', 'value': '€0.47', 'growth': '同比增长42%', 'meaning': '股东回报显著提升，受股票回购计划推动'}, {'metric': '有形股本回报率', 'value': '20%', 'growth': '首次达到20%门槛', 'meaning': '盈利能力里程碑，优于欧洲和西班牙同行'}, {'metric': '股本回报率', 'value': '19.1%', 'period': '2024年前六个月', 'meaning': '持续盈利改善'}, {'metric': '总收入增长', 'value': '31%', 'growth': '按固定欧元计算同比增长', 'meaning': '所有业务单元和地区表现强劲'}, {'metric': '净利息收入增长', 'value': '17%', 'growth': '同比增长', 'meaning': '受利率环境和贷款活动推动'}, {'metric': '净费用和佣金增长', 'value': '35%', 'growth': '同比增长', 'meaning': '非利息收入贡献显著'}, {'metric': '效率比率', 'value': '39.3%', 'meaning': '首次突破40%门槛，成本控制优异'}, {'metric': '风险成本', 'value': '142个基点', 'growth': '小幅上升', 'meaning': '符合预期，反映高盈利细分增长'}, {'metric': '不良贷款比率', 'value': '3.3%', 'growth': '小幅改善', 'meaning': '资产质量稳定'}, {'metric': '覆盖率', 'value': '75%', 'meaning': '稳定，风险缓冲充足'}, {'metric': '2024年贷款增长预期', 'value': '低个位数', 'meaning': '受核心市场强劲活动驱动'}, {'metric': '净利息收入增长预期', 'value': '低双位数', 'growth': '从双位数上调', 'meaning': '前景乐观'}, {'metric': '费用增长预期', 'value': '中个位数', 'meaning': '非利息收入持续增长'}, {'metric': '墨西哥上半年利润', 'value': '29亿欧元', 'meaning': '强劲贷款动态和有效定价推动'}, {'metric': '收购Sabadell协同效应', 'value': '8.5亿欧元', 'meaning': '预计主要来自成本节约'}, {'metric': '土耳其通胀敏感性', 'value': '10%通胀加10%贬值影响利润约1.5亿欧元', 'meaning': '通胀下降可能带来显著上行空间'}]",BBVA,2024_Q2_bbva_processed.txt,2025-12-18 14:29:06
0.8,稳健的资本管理，CET1资本充足率维持在约11%的审慎水平；现金流强劲，净利息收入达513亿雷亚尔，费用收入增长4.7%至172亿雷亚尔；负债端不良贷款率稳定在3%，风险可控。,当前无明确收购计划，但强调通过合资企业和资本市场交易（如债券、对冲和衍生品）实现有机增长；在INSS拍卖中持谨慎态度，仅当风险调整后回报有利时才考虑参与，否则专注于利用自身优势（如数字渠道、分支机构网络）从竞争对手处获取份额。,"['公司企业贷款组合的增长策略及下半年展望，特别是资本市场交易和资本消耗管理', 'INSS薪资贷款的增长潜力、运营策略（如数字化、便携性）及对INSS拍卖的参与意向', '法律风险准备金（如经济计划相关）的消耗时间表、预期降低时间（目标2025年归零）及对2024-2026年财务的影响']","['宏观风险：大宗商品价格波动和不利汇率影响农业业务，导致农民延迟付款', '竞争风险：数字银行加剧费用收入竞争，薪资贷款领域竞争激烈', '运营风险：法律风险（如经济计划相关诉讼）导致准备金消耗不确定性，依赖司法部门进度和客户履约意愿；农业业务中小微企业不良贷款率上升，需增加拨备']","['净收入：188亿雷亚尔，半年同比增长8.5%', '净利息收入：513亿雷亚尔，客户相关部分增长17%', '费用收入：172亿雷亚尔，同比增长4.7%，受资产管理规模、养老金和联合运营增长驱动', '薪资贷款组合：337亿雷亚尔，增长17%（其中INSS部分增长约20%）', '企业贷款组合：增长约25%', '不良贷款率：90天以上为3%', '年度净收入指引：370-400亿雷亚尔', 'CET1资本充足率：目标约11%', '拨备：增加45亿雷亚尔，但维持年度指引', '农业业务：参与度近50%，预计下半年推动支出增长']",Branco,2024_Q2_bbas3_processed.txt,2025-12-18 14:29:10
0.7,强劲现金流与持续去杠杆化：Q2运营现金流81亿美元，净债务减少14亿美元至226亿美元，资产负债表稳健，维持行业领先的股东回报能力,积极整合收购以创造协同价值：完全整合Bunge（原合资企业）以获取交易协同和运营优化价值；100%控股Lightsource BP以把握清洁能源需求，未来12-18个月可能引入被动合作伙伴优化资本结构。收购动机聚焦价值创造而非规模扩张,"['2025年EBITDA目标（30-40亿美元）的可达性及假设条件变化（从中期周期假设转向2023年价格基准）', '股票回购的资金来源问题（上半年盈余现金流低于回购规模，是否依赖债务融资）', '成本削减目标（20亿美元至2026年）的进展及可持续性，与上游单位成本上升的矛盾']","['宏观风险：炼油利润率波动、天然气交易市场动态、后疫情时代供需模式变化', '运营风险：生物燃料和可再生能源业务表现疲软（转型引擎EBITDA同比减半）、勘探资产减记、许可延迟', '竞争风险：需通过技术升级（如Eagle Ford页岩区提高采收率）维持运营效率优势']","[{'metric': 'Q2运营现金流', 'value': '81亿美元', 'meaning': '反映核心业务盈利能力和现金生成能力'}, {'metric': '净债务', 'value': '226亿美元（环比减少14亿美元）', 'meaning': '资产负债表持续优化，财务灵活性增强'}, {'metric': '股息增长率', 'value': '10%', 'meaning': '管理层对现金流可持续性的信心体现'}, {'metric': '2024年下半年股票回购计划', 'value': '35亿美元', 'meaning': '积极的股东回报政策，每季度宣布17.5亿美元'}, {'metric': '炼油可用率', 'value': '96%', 'meaning': '运营效率处于行业领先水平'}, {'metric': '成本削减目标（至2026年）', 'value': '20亿美元', 'meaning': '通过自助收银、数字平台整合等举措提升效率，2025年预期实现5亿美元节约'}, {'metric': '2025年EBITDA目标', 'value': '30-40亿美元', 'meaning': '基于Bunge整合、便利与电气化业务增长（目标15亿美元）的预期'}, {'metric': 'Bunge整合后EBITDA贡献', 'value': '2025年接近20亿美元', 'meaning': '收购带来的协同效应预期（2023年10亿美元，2024上半年5亿美元）'}, {'metric': '资本支出框架', 'value': '约16%', 'meaning': '严格的资本纪律，上半年执行符合目标'}, {'metric': '净营运资本变动', 'value': 'Q2释放约15亿美元（Q1增加24亿美元）', 'meaning': '季节性波动，预计Q3继续释放剩余部分'}]",BP,2024_Q2_bp_processed.txt,2025-12-18 14:29:14
0.4,公司维持强劲现金流状况，预计2023年有机自由现金流约18亿欧元，自由现金流与净收入比率保持在1以上，为行业领先水平。管理层表示正在积极管理营运资本以应对挑战性环境。,财报通话中未明确提及具体的收购策略或并购活动。管理层重点强调通过有机增长、创新投资和运营效率提升来实现战略目标，而非通过并购扩张。,"['北美和TMT（科技、媒体、电信）部门的需求复苏时间点及2024年增长前景', '人员优化、利用率提升和未来招聘计划对运营效率和利润率的影响', '客户投资转向大型转型和供应商整合项目对利润率结构的影响及公司的选择性策略']","['宏观经济环境挑战持续，客户削减可自由支配支出，特别是在北美地区', '金融服务和TMT部门持续收缩，而北美地区在该领域权重过高', '第四季度可能出现轻微收缩至温和增长，存在短期增长不确定性']","[{'metric': '第三季度营收', 'value': '55亿欧元', 'growth': '2.3%（恒定汇率），2%（有机增长）', 'meaning': '在经济挑战环境下仍实现稳定增长，符合预期'}, {'metric': '预订量与账单比率', 'value': '0.96', 'growth': '高于历史平均水平（去年为0.97）', 'meaning': '显示强劲的预订管道和未来收入可见性'}, {'metric': '战略与转型服务增长', 'value': '5.1%', 'growth': '显著高于整体增长', 'meaning': '反映公司高价值服务组合的实力和战略定位'}, {'metric': '公共部门增长', 'value': '双位数增长', 'growth': '第三季度表现突出', 'meaning': '在经济不确定时期提供稳定性'}, {'metric': '2023年营收增长目标', 'value': '4%-7%', 'growth': '恒定汇率下', 'meaning': '管理层维持全年指引，显示信心'}, {'metric': '运营利润率改善目标', 'value': '0-20个基点', 'growth': '2023年', 'meaning': '持续关注盈利能力和运营效率'}, {'metric': '有机自由现金流目标', 'value': '约18亿欧元', 'growth': '2023年', 'meaning': '强劲的现金生成能力，为行业领先'}, {'metric': '2025年利润率目标', 'value': '14%', 'growth': '长期目标', 'meaning': '通过产品组合优化和运营效率提升实现'}, {'metric': 'AI团队扩张计划', 'value': '3年内增至5万人', 'growth': '从当前规模翻倍', 'meaning': '对生成式AI和数据领域的重要战略投资'}]",Capgemini,2023_Q3_cap_processed.txt,2025-12-18 14:29:16
0.8,"Strong cash position with $5 billion ending cash balance, generated nearly $4 billion adjusted free cash flow in FY24, and returned $1.2 billion to shareholders. No significant debt concerns mentioned.","Focused on strategic acquisitions to enhance growth areas, such as Specialty Networks, to strengthen portfolio and drive shareholder value. Management emphasizes optimizing portfolio through purposeful investments.","['Impact of significant customer contract expiration on revenue and cost structure adjustments', 'Details on the GMPD segment restatement and its implications for future profit targets', 'Growth expectations and investment plans for the Other segment businesses (OptiFreight, Nuclear, at-Home Solutions)']","['Loss of a significant customer contract impacting FY25 revenue (expected 4-6% decline)', 'Historical accounting error in at-Home Solutions business requiring restatements', 'Ongoing need for cost management in a low-margin (1% operating margin) business environment']","[{'metric': 'FY24 EPS', 'value': '$7.53', 'growth': '29% annual growth', 'meaning': 'Exceeded initial guidance by $0.96, reflecting strong operational performance'}, {'metric': 'FY25 EPS Guidance', 'value': '$7.55-$7.70', 'growth': 'Raised from preliminary guidance of at least $7.50', 'meaning': 'Management confidence despite customer transition impact'}, {'metric': 'Adjusted Free Cash Flow', 'value': 'Nearly $4 billion', 'growth': 'N/A', 'meaning': 'Strong cash generation supporting shareholder returns and investments'}, {'metric': 'Ending Cash Balance', 'value': '$5 billion', 'growth': 'N/A', 'meaning': 'Robust liquidity position'}, {'metric': 'Pharmaceutical & Specialty Solutions Revenue Growth', 'value': '14%', 'growth': 'Above targeted long-term rate', 'meaning': 'Core business showing resilience and growth momentum'}, {'metric': 'GMPD Segment Profit Improvement', 'value': '$240 million', 'growth': 'Year-over-year', 'meaning': 'Successful turnaround and inflation mitigation'}, {'metric': 'FY25 Normalized Revenue Growth (excluding large customer impact)', 'value': '15%-18%', 'growth': 'Projected', 'meaning': 'Underlying business strength despite contract loss'}, {'metric': 'Shareholder Capital Return', 'value': '$1.2 billion', 'growth': 'FY24', 'meaning': 'Commitment to shareholder value through repurchases and dividends'}, {'metric': 'FY25 Planned Share Repurchases', 'value': '$750 million', 'growth': 'N/A', 'meaning': 'Continued focus on shareholder returns'}, {'metric': 'Specialty Business Revenue', 'value': 'Over $36 billion', 'growth': '14% for the year', 'meaning': 'Significant scale and growth despite contract expiration'}]",Cardinal Health,2024_Q4_cah_processed.txt,2025-12-18 14:29:16
0.8,强劲现金流，资本支出可控，负债情况稳健。第四季度资本支出15.8亿美元，全年47.1亿美元，主要用于仓储扩张和技术投资。会员费收入稳定在15.12亿美元，为现金流提供稳定支撑。,无重大收购策略披露。管理层立场聚焦有机增长，通过仓储扩张（计划2025财年新增26个净仓储）和电商业务发展实现增长。强调内部提拔文化（95%新仓库经理从小时工晋升），而非外部并购。,"['电商业务盈利能力及对整体利润率的影响，包括渗透率（含Instacart等渠道后达两位数）和效率提升措施。', '竞争定价环境，特别是在食品杂货领域，管理层强调主动降价策略而非被动应对竞争。', '汽油价格下跌对客流量和交易量的潜在影响，管理层表示关联销售稳定，无明显担忧。']","['宏观风险：消费者支出选择性增强，转向居家食品和低价蛋白质，显示消费压力信号。', '运营风险：工资上涨压力（美国平均时薪超30美元），需通过生产力和销售杠杆抵消成本。', '竞争风险：促销活动增加，尤其在电器和消费电子领域，可能压缩利润率。']","['净收入：23.54亿美元，同比增长9%（调整后增长12.7%）。', '净销售额：782亿美元，同比增长1%（调整额外周后增长7.3%）。', '同店销售增长：调整汽油和汇率后增长6.9%。', '电商销售增长：调整汇率后增长19.5%，10年复合年增长率超20%。', '会员续约率：美国加拿大92.9%，全球90.5%。', '执行会员占比：46.5%，贡献全球销售额73.5%。', '毛利率：提升40个基点至11%，受汽油和电商业务推动。', '物流配送量：450万件，同比增长29%。', '新仓储：第四季度新增14个，全年净增29个。', '资本支出：第四季度15.8亿美元，全年47.1亿美元。']",Costco,2024_Q4_cost_processed.txt,2025-12-18 14:29:26
0.8,现金流强劲，资本配置稳健。第四季度回购20亿美元股票并支付16亿美元股息，全年向股东返还121亿美元。毛利率达20年新高67.5%，显示强大的定价能力和成本控制。,收购Splunk是核心战略，已贡献14亿美元年收入。整合Splunk旨在增强安全和可观测性产品组合，实现协同效应。管理层将网络、安全和协作团队合并为一个组织，由Jeetu Patel领导，以推动平台化销售。,"['AI订单的构成和竞争格局：分析师关注10亿美元AI订单的具体内容（如后端网络、以太网、光器件）、与Arista等对手的竞争，以及NVIDIA合作的早期进展。', 'Splunk对2025财年业绩的影响：分析师质疑若按第四季度贡献年化，核心思科业务是否增长平缓，并关注Splunk历史旺季（1月季度）的整合影响。', '重组和销售策略调整：分析师询问7%裁员计划的净影响、销售团队重组（如增加一线配额代表、交叉销售激励）以及向平台销售转型的具体措施。']","['宏观风险：管理层提到需求环境“正常化”，但警惕“不可预见的冲击”，暗示对经济波动的敏感性。', '竞争风险：价格环境存在竞争压力，每季度价格影响预计在0.5%至1.5%之间，且AI领域需与Arista和云厂商内部方案竞争。', '运营风险：Splunk整合带来季度收入波动（如Q2因财年结构差异可能受抑制），且重组计划（裁员7%）可能影响短期运营稳定性。']","[{'metric': 'Q4 FY24营收', 'value': '136亿美元', 'growth': '超出指引高端', 'business_meaning': '全年强劲收尾，显示需求复苏'}, {'metric': '全年营收', 'value': '538亿美元', 'growth': 'N/A', 'business_meaning': '年收入基础稳固'}, {'metric': '毛利率', 'value': '67.5%', 'growth': '20年新高', 'business_meaning': '成本控制和产品组合优化成效显著'}, {'metric': '产品订单增长', 'value': '14%', 'growth': '同比增长', 'business_meaning': '需求广泛复苏，库存消化期结束'}, {'metric': '安全业务增长', 'value': '81%', 'growth': '含Splunk；不含Splunk为6%', 'business_meaning': 'Splunk收购大幅提升安全板块收入'}, {'metric': 'AI订单', 'value': '10亿美元', 'growth': '已实现；预计2025财年再增10亿美元', 'business_meaning': 'AI战略初步落地，主要来自超大规模客户'}, {'metric': '2025财年营收指引', 'value': '550-562亿美元', 'growth': '同比增长约2-4%', 'business_meaning': '保守增长预期，反映后消化期正常化'}, {'metric': '2025财年非GAAP每股收益指引', 'value': '3.52-3.58美元', 'growth': 'N/A', 'business_meaning': '盈利稳健，但受重组和投资影响'}, {'metric': '股东回报（全年）', 'value': '121亿美元', 'growth': 'N/A', 'business_meaning': '资本配置强劲，信心充足'}]",Cisco,2024_Q4_csco_processed.txt,2025-12-18 14:29:27
0.8,稳健的财务状况，目标杠杆率预计年底达到区间中点，资本支出预计接近3%（低于预期），已完成7.5亿英镑股票回购，债务管理审慎，关注利率环境,平衡的资本配置框架：优先有机增长机会（资本支出），其次并购（年内已完成2.72亿英镑并购，更多机会评估中），超额资本回报股东。并购立场积极，各区域均有潜在机会，但会审慎评估交易规模与时机,"['同店销量增长的具体驱动因素分析（欧洲复苏、办公室出勤率、新合同爬坡等）', '高客户保留率（96.7%）的可持续性及疫情期合同重谈的长期影响', '北美体育休闲板块表现及新业务赢单量（对比去年25亿英镑年度化赢单）预期']","['通胀压力持续，成本通胀篮子预计长期高于CPI水平', '美国市场面临物流挑战（罢工）及医疗等行业潜在破产风险', '科技和金融服务业裁员计划对办公室出勤率产生抵消影响', '欧洲增长导致应收账款账龄结构变化，业务组合调整带来营运资本波动']","[{'metric': 'Q3有机营收增长', 'value': '15%', 'meaning': '反映核心业务增长动力强劲'}, {'metric': '年初至今有机营收增长', 'value': '21%', 'meaning': '全年增长势头稳健'}, {'metric': '客户保留率', 'value': '96.7%', 'meaning': '客户关系稳固，业务稳定性高'}, {'metric': '净新增业务增长（欧洲）', 'value': '>5%', 'meaning': '欧洲市场表现突出，超越其他区域'}, {'metric': '季度销量增长', 'value': '3%', 'meaning': '增长正常化趋势，前期高基数影响'}, {'metric': '年度新业务赢单量（年度化）', 'value': '25亿英镑', 'meaning': '未来收入增长的重要管道'}, {'metric': '全年资本支出预期', 'value': '~3%', 'meaning': '资本配置审慎，处于预期区间低端'}, {'metric': '下半年利润率预期', 'value': '近7%', 'meaning': '较疫情前水平（7.5%）仍有差距，但显示持续改善'}, {'metric': '年内并购支出', 'value': '2.72亿英镑', 'meaning': '战略收购持续进行'}, {'metric': '股票回购规模', 'value': '7.5亿英镑', 'meaning': '股东回报积极，资本配置灵活'}]",Compass Group,2023_Q3_cpg_processed.txt,2025-12-18 14:29:29
0.4,财务稳健，现金约2700万美元，流动性450亿美元，自由现金流指引上调至75-85亿美元，资产负债表强劲,收购策略未明确提及，但强调通过内部投资（如Super Duty产能增加10万辆）和合作伙伴关系（如供应链合作）实现增长，立场是资本高效分配和长期价值创造,"['福特Pro业务定价可持续性及需求前景', '美国大选对电动汽车战略的潜在影响', '保修成本上升的原因及未来趋势']","['电动汽车行业定价压力导致Model e部门亏损', '保修成本上升（与新技术和通胀相关）', '宏观市场波动可能影响二手车价值和需求']","['营收增长6%', '调整后EBIT 28亿美元，利润率5.8%', '福特Pro营收增长9%，利润率超15%', '福特Blue营收增长7%，EBIT 12亿美元，利润率4.4%', 'Model e亏损11亿美元', '全年EBIT指引100-120亿美元', '调整后自由现金流指引75-85亿美元', '资本支出目标80-90亿美元', '福特Pro年营收目标约700亿美元', '拍卖价值同比下降9%，但环比上升3%']",Ford,2024_Q2_f_processed.txt,2025-12-18 14:29:38
0.4,"Strong balance sheet with $1.3 trillion deposit base, diversified loan portfolio, CET1 capital ratio of 13.6% (well above regulatory requirements). Improved DFAST results and reduced stress capital buffer enable increased shareholder returns.","No explicit acquisition strategy mentioned. Focus is on internal transformation, operational efficiency, and organic growth through business segment optimization. Management emphasizes disciplined approach to partnerships based on returns rather than revenue growth.","['Regulatory consent order timeline and impact - specifically questioning whether recent amendments extend the expected completion timeframe', 'Deferred Tax Asset (DTA) utilization constraints - asking about catalysts to accelerate utilization beyond organic earnings generation', 'Competitive dynamics in Retail Services - inquiring about response to competitor pricing aggression and willingness to offer better economics']","['Regulatory compliance challenges - ongoing consent orders with Federal Reserve and OCC, civil money penalties, resource review plan requirements', 'Credit cycle pressures - at ""low point of the credit cycle"" driving pressure on returns, elevated net credit losses (NCLs)', 'Data quality management delays - behind schedule in data governance areas despite increased investment', 'Macroeconomic uncertainties - interest rate fluctuations and global elections mentioned as potential headwinds', 'Competitive pressures in retail services - competitors becoming more aggressive with pricing to win mandates']","[{'metric': 'Net Income', 'value': '$3.2 billion', 'growth': 'N/A', 'meaning': 'Overall profitability for the quarter'}, {'metric': 'EPS', 'value': '$1.52', 'growth': 'N/A', 'meaning': 'Earnings per share performance'}, {'metric': 'RoTCE', 'value': '7.2%', 'growth': 'N/A', 'meaning': 'Return on Tangible Common Equity, measure of profitability'}, {'metric': 'Total Revenue Growth', 'value': '4%', 'growth': '4%', 'meaning': 'Year-over-year revenue increase driven by all major business segments'}, {'metric': 'Visa B Exchange Benefit', 'value': '$400 million', 'growth': 'N/A', 'meaning': 'One-time gain contributing to revenue growth'}, {'metric': 'US Personal Banking Revenue Growth', 'value': '6%', 'growth': '6%', 'meaning': 'Strong performance in branded cards and retail services'}, {'metric': 'Operating Expense Reduction', 'value': '2%', 'growth': '-2%', 'meaning': 'Cost savings from organizational simplification'}, {'metric': 'Projected Annual Expense Savings', 'value': '$2-2.5 billion', 'growth': 'N/A', 'meaning': 'Future cost reduction targets'}, {'metric': 'Wealth Management Revenue Growth', 'value': '2%', 'growth': '2%', 'meaning': 'Modest growth in wealth division'}, {'metric': 'Non-Interest Revenue Growth (Wealth)', 'value': '13%', 'growth': '13%', 'meaning': 'Strong growth from investment fee revenues'}, {'metric': 'Client Investment Assets Growth', 'value': '15%', 'growth': '15%', 'meaning': 'Increase from net new inflows and market valuations'}, {'metric': 'Wealth Management Expense Reduction', 'value': '4%', 'growth': '-4%', 'meaning': 'Cost reduction benefits in wealth division'}, {'metric': 'Markets Revenue Growth', 'value': '6%', 'growth': '6%', 'meaning': 'Growth driven by equity derivatives and asset-backed lending'}, {'metric': 'Banking Revenue Growth', 'value': '38%', 'growth': '38%', 'meaning': 'Significant increase largely from investment banking'}, {'metric': 'Investment Banking Revenue Growth', 'value': '60%', 'growth': '60%', 'meaning': 'Surge driven by active capital markets and advisory services'}, {'metric': 'Common Dividend Increase', 'value': '6%', 'growth': '6%', 'meaning': 'Shareholder return enhancement ($0.53 to $0.56 per share)'}, {'metric': 'Share Buyback Plan', 'value': '$1 billion', 'growth': 'N/A', 'meaning': 'Planned share repurchases for the quarter'}, {'metric': 'Deferred Tax Asset (DTA)', 'value': '$12 billion', 'growth': 'N/A', 'meaning': 'Significant tax asset representing ~10% of market cap'}, {'metric': 'Trading Error Rate Reduction', 'value': '85%', 'growth': '-85%', 'meaning': 'Improvement in trading accuracy from automation'}, {'metric': 'Daily Payment Movement', 'value': '$5 trillion', 'growth': 'N/A', 'meaning': 'Scale of global payment operations'}, {'metric': 'Monthly Customer Statements', 'value': '72 million', 'growth': 'N/A', 'meaning': 'Volume of regular customer communications'}]",Citi,2024_Q2_c_processed.txt,2025-12-18 14:29:45
0.8,现金流强劲，债务状况改善。运营现金流增加14亿欧元至51亿欧元，净财务债务减少19亿欧元至276亿欧元，经济净债务对EBITDA比率降至2.9倍，远低于4倍阈值，资产负债表稳健。,收购策略聚焦可再生能源、电池存储和电网资产，保持资本配置纪律和地理聚焦。对大型电网收购持开放态度，但强调需符合融资政策，不损害投资级评级和股息支付。通过资产处置和债务管理为潜在收购提供灵活性。,"['管理层对2024年全年指引的信心，特别是在当前商品价格较低的背景下，以及指引是否基于最新市价调整。', '美国海上风电政策风险（可能的暂停）对ENGIE Ocean Winds业务的影响，以及资本投入和投资组合灵活性。', '欧洲电网资产股权结构变化带来的潜在收购机会，以及大型电网收购的融资方式和资产处置计划。']","['宏观风险：欧洲能源价格快速下跌和波动性降低，影响市场条件；美国潜在的海上风电政策变化（如暂停开发）；法国可能延长电力暴利税至2025年，影响燃气资产利润。', '竞争风险：B2B供应领域竞争加剧，但ENGIE受益于客户向优质供应商的转移，利润率保持较高水平。', '运营风险：温暖天气影响网络业务量；现货价格下跌影响FlexGen业务；美国电池关税可能从2026年开始影响储能业务。']","[{'metric': 'EBIT（不包括核电）', 'value': '37亿欧元', 'growth': '同比略有下降', 'business_meaning': '反映核心业务盈利能力，尽管市场条件挑战，仍保持稳定。'}, {'metric': '运营现金流（CFFO）', 'value': '51亿欧元', 'growth': '增加14亿欧元', 'business_meaning': '现金流强劲，受益于能源价格正常化和营运资本需求减少。'}, {'metric': '净财务债务', 'value': '276亿欧元', 'growth': '减少19亿欧元', 'business_meaning': '债务水平下降，反映现金流生成能力和财务稳健性改善。'}, {'metric': '经济净债务对EBITDA比率', 'value': '2.9倍', 'growth': '低于4倍阈值', 'business_meaning': '杠杆率改善，确保强健的资产负债表和财务稳定性。'}, {'metric': '可再生能源总容量', 'value': '42.1吉瓦', 'growth': '7吉瓦在建', 'business_meaning': '可再生能源扩张进展，支持能源转型目标，年增4吉瓦直至2025年。'}, {'metric': 'GEMS业务EBIT', 'value': '15亿欧元', 'growth': '略有下降', 'business_meaning': '受非经常性时间效应影响，部分被客户风险管理和供应活动增长抵消。'}, {'metric': '2024年全年EBIT指引（不包括核电）', 'value': '75亿至85亿欧元', 'growth': '基于稳定假设', 'business_meaning': '管理层对全年业绩保持信心，尽管商品价格较低。'}, {'metric': '2024年净经常性收入指引', 'value': '42亿至48亿欧元', 'growth': '基于当前价格', 'business_meaning': '反映公司对盈利能力的预期，强调运营结果稳健。'}]",Engie,2024_Q1_engi_processed.txt,2025-12-18 14:29:47
0.7,"Year-to-date operating cash flow declined to $2.4 billion (down $6 billion YoY) due to timing items, but full-year guidance remains strong at slightly north of $7 billion. Benefit expense ratio improved to 86.3% (down 10 bps), while operating expense ratio increased to 11.5% (up 50 bps) due to CarelonRx investments.","Strategic and disciplined approach to M&A focused on integration and capabilities enhancement. Recent acquisitions like Paragon Healthcare are being scaled within CarelonRx. Specialty pharmacy and distribution remain key focus areas, with priority on integrating Elevance scripts and expanding limited distribution drugs (LDDs). Management emphasizes being opportunistic but execution-focused on current integrations.","['Sources of margin expansion toward 2027 targets, particularly expectations around exchange subsidies and ACA business growth', 'Commercial midyear renewals performance, retention trends, and pricing actions needed', 'Progress on $750 million cost savings plan and whether benefits are being reinvested or dropping to the bottom line']","['Medicaid membership attrition due to redeterminations, with 70% of coverage losses attributed to administrative challenges', 'Increased acuity in Medicaid membership mix impacting costs', 'Medicare Advantage (MA) market exits and strategic repositioning affecting growth near-term', 'Operating expense ratio pressure from CarelonRx investments']","[{'metric': 'Adjusted diluted EPS', 'value': '$10.12', 'growth': '12% YoY', 'meaning': 'Strong earnings growth reflecting operational execution'}, {'metric': 'Total operating revenue', 'value': '$43.2 billion', 'growth': 'Flat YoY', 'meaning': 'Stable top-line performance despite membership changes'}, {'metric': 'Total membership', 'value': '45.8 million', 'growth': 'Decline due to Medicaid attrition', 'meaning': 'Medicaid redeterminations impacting overall enrollment'}, {'metric': 'Individual ACA business growth', 'value': '35% YoY', 'growth': '35%', 'meaning': 'Substantial expansion in Affordable Care Act marketplace'}, {'metric': 'Commercial fee-based membership growth', 'value': '354,000 lives', 'growth': 'Year-over-year increase', 'meaning': 'Strength in self-insured employer segment'}, {'metric': 'Carelon Services operating revenue growth', 'value': '26%', 'growth': '26%', 'meaning': 'Strong performance in services segment'}, {'metric': 'Carelon Services operating earnings growth', 'value': 'Over 30%', 'growth': '>30%', 'meaning': 'Significant profitability improvement'}, {'metric': 'Consolidated benefit expense ratio', 'value': '86.3%', 'change': 'Down 10 bps YoY', 'meaning': 'Improved medical cost management'}, {'metric': 'Adjusted operating expense ratio', 'value': '11.5%', 'change': 'Up 50 bps YoY', 'meaning': 'Increased investment in CarelonRx'}, {'metric': 'Full-year EPS guidance', 'value': 'At least $37.20', 'growth': '12% YoY', 'meaning': 'Maintained outlook despite Medicaid challenges'}, {'metric': 'Year-to-date operating cash flow', 'value': '$2.4 billion', 'change': 'Down $6 billion YoY', 'meaning': 'Timing-related decrease with full-year recovery expected'}, {'metric': 'Cost savings target', 'value': '$750 million', 'meaning': 'Business optimization initiatives on track'}, {'metric': 'Enterprise operating margin target', 'value': '6.5% to 7%', 'meaning': 'Long-term margin expansion goal'}]",Elevance Health,2024_Q2_elv_processed.txt,2025-12-18 14:29:49
0.6,资本状况稳健，CET1比率为13.5%，尽管吸收了Postbank诉讼准备金和遗留诉讼事项。公司成功将调整后成本控制在季度运行率50亿欧元，并计划年底前降至49亿欧元。公司已向股东分配33亿欧元，并计划在2021-2025年期间超额完成80亿欧元的资本分配目标。,管理层未在本次通话中讨论新的收购策略。主要提及的是历史收购Postbank相关的诉讼准备金（13亿欧元），管理层对此表示强烈反对法院的意外评估，并努力为股东最小化影响。公司战略重点是通过全球Hausbank战略和内生增长来增强市场地位。,"['风险加权资产（RWA）优化进展：分析师关注公司如何实现250-300亿欧元的RWA削减目标，询问具体时间安排（2024年下半年 vs 2025年）及超额资本创造潜力。', '股票回购计划：分析师询问2024年取消的第二批回购授权（约4-5亿欧元）是否会影响2025年回购规模，以及管理层对50%年增长率的基线预期和潜在追加情况。', '企业银行信贷损失：分析师关注企业银行拨备中的个别案例（尤其是欧洲的一起主导案例）是否反映整体企业资产质量恶化，以及商业房地产风险敞口的影响。']","['法律与诉讼风险：Postbank收购相关的13亿欧元诉讼准备金，以及遗留诉讼事项对资本和盈利的持续影响。', '信贷风险：企业银行信贷损失拨备增加至4.76亿欧元（占平均贷款的40个基点），受商业房地产风险敞口和个别大额减值事件影响；尽管管理层表示整体资产质量未恶化，但Stage 3拨备仍处于高位。', '监管风险：欧洲央行（ECB）对杠杆贷款拨备的监管预期可能带来额外资本要求，尽管目前讨论具有建设性，但结果存在不确定性。', '运营风险：私人银行因运营中断产生的持续拖累（约2500万欧元），尽管预计下半年会减少或逆转。']","[{'metric': '上半年营收', 'value': '154亿欧元', 'growth': '同比增长2%', 'meaning': '公司有望实现全年300亿欧元营收目标，显示业务增长势头'}, {'metric': '第二季度净利润', 'value': '5200万欧元', 'growth': '受诉讼准备金大幅影响', 'meaning': '剔除Postbank诉讼影响后，税前利润为4.11亿欧元，显示核心业务盈利能力'}, {'metric': 'CET1比率', 'value': '13.5%', 'growth': '保持稳定', 'meaning': '资本实力强劲，尽管吸收了诉讼准备金'}, {'metric': '成本收入比', 'value': '69%', 'growth': '同比改善4个百分点（从73%降至69%）', 'meaning': '运营效率提升，成本管理有效'}, {'metric': '有形股本回报率（RoTE）', 'value': '7.8%（剔除诉讼影响）', 'growth': '同比提升1个百分点（从6.8%升至7.8%）', 'meaning': '为2011年以来最佳上半年表现，显示业务增长势头'}, {'metric': '信贷损失拨备', 'value': '4.76亿欧元', 'growth': '占平均贷款的40个基点', 'meaning': '受模型增强和商业房地产风险敞口影响，但管理层认为13亿欧元的年化运行率是可持续的'}, {'metric': '净利息收入（NII）', 'value': '34亿欧元（第二季度）', 'growth': '保持稳定，略超预期', 'meaning': '为公司营收路径提供额外保障，预计未来将保持大体稳定'}, {'metric': '股东资本分配', 'value': '33亿欧元（累计）', 'growth': '通过股息和股票回购实现', 'meaning': '公司计划超额完成2021-2025年80亿欧元的分配目标'}, {'metric': '企业银行营收', 'value': '19亿欧元（第二季度）', 'growth': '受佣金和费用收入强劲推动', 'meaning': '显示公司资本轻型业务战略的成功'}, {'metric': '投资银行营收增长', 'value': '10%', 'growth': '受承销与咨询业务强劲表现推动', 'meaning': '全球市场份额提升至2.6%'}, {'metric': '资产管理业务利润增长', 'value': '55%', 'growth': '同比增长', 'meaning': '显示该部门盈利能力显著改善'}]",Deutsche Bank,2024_Q2_dbk_processed.txt,2025-12-18 14:29:51
0.8,"Strong liquidity with €21.2 billion net cash, but high net financial debt at €64.8 billion. Management is focused on debt stabilization while funding €25 billion annual investments. Guidance improved to target debt net to EBITDA ratio ≤2.5x and adjusted economic debt to EBITDA ≤4x by year-end.","No explicit acquisition strategy mentioned. Focus is on organic growth through significant investments in decarbonization and infrastructure (€25 billion annually), renewable energy expansion, and nuclear capacity enhancement. Management emphasizes long-term contracts to provide revenue visibility.","['Impact of electricity price increases and regulatory mechanisms (CSPE) on EBITDA and cash flow', 'Nuclear operations: Stress corrosion cracking (SCC) repairs, Taishan reactor status, and production forecasts (300-330 TWh target for 2023)', 'Long-term contracts: Volume, timing, pricing, European Commission approval concerns, and preference for market-based vs. CFD contracts']","['Macro: Uranium supply concerns from Niger coup, potential regulatory changes in electricity pricing', 'Competitive: European Commission scrutiny of long-term contracts potentially creating industry concentration', 'Operational: Stress corrosion cracking in reactors requiring ongoing repairs, UK nuclear output decline (21.5% YoY), heavy maintenance schedules']","[{'metric': 'Nuclear output in France (H1 2023)', 'value': '158.1 TWh', 'change': '+4 TWh YoY', 'meaning': 'Improved fleet availability and controlled shutdown schedule'}, {'metric': 'UK nuclear generation (H1 2023)', 'value': '18.2 TWh', 'change': '-21.5% YoY', 'meaning': 'Impact of Hinkley Point B closure and busier maintenance schedule'}, {'metric': 'Renewable energy output', 'value': '13.2 TWh', 'change': '+5.6% YoY', 'meaning': 'Growth in wind and solar portfolio'}, {'metric': 'Solar project portfolio', 'value': '91 GW gross', 'change': '+7% since end-2022', 'meaning': 'Expansion in renewable energy capacity'}, {'metric': 'Carbon intensity', 'value': '40 g CO2/kWh', 'change': '-10 g CO2/kWh YoY', 'meaning': 'Reduced thermal generation and increased nuclear output'}, {'metric': 'Group EBITDA', 'value': '€16.1 billion', 'change': 'From €2.7 billion in H1 2022', 'meaning': 'Strong financial recovery due to improved output and regulatory changes'}, {'metric': 'Net income before non-recurring items', 'value': '€6.3 billion', 'change': 'From negative €1.3 billion in H1 2022', 'meaning': 'Significant turnaround in profitability'}, {'metric': 'Net financial debt', 'value': '€64.8 billion', 'change': 'Virtually unchanged from €64.5 billion at end-2022', 'meaning': 'Debt stabilization aligned with management goals'}, {'metric': 'Net cash and cash equivalents', 'value': '€21.2 billion', 'change': 'From €14.8 billion at end-2022', 'meaning': 'Strong liquidity position'}, {'metric': 'Annual investment target', 'value': '€25 billion', 'change': 'N/A', 'meaning': 'Ongoing decarbonization and infrastructure investments'}, {'metric': 'Nuclear output target 2023', 'value': '300-330 TWh', 'change': 'N/A', 'meaning': 'Production guidance range'}, {'metric': 'Nuclear output target 2024', 'value': '315-345 TWh', 'change': 'N/A', 'meaning': 'Progressive outlook'}, {'metric': 'Nuclear output target 2025', 'value': '335-365 TWh', 'change': 'N/A', 'meaning': 'Long-term production growth target'}, {'metric': 'Potential fleet power increase', 'value': '21 TWh', 'change': 'Long-term project', 'meaning': 'Capacity enhancement of current nuclear fleet'}]",EDF,2023_Q2_edf_processed.txt,2025-12-18 14:29:52
0.6,强劲的资本状况，CET1比率15.3%保持稳定，季度内完成60亿美元股票回购，现金流充足但面临存款余额下降和存款利润率压缩的压力,管理层对收购持谨慎态度，明确表示目前不考虑收购存款机构或私人品牌信用卡业务，但愿意为客户部署资本（如信贷资产、可负担住房等），并保持对市场机会的开放性，强调以客户需求为导向而非主动寻求大规模并购,"['净利息收入（NII）2025年展望及存款动态（包括QT结束的影响）', '资本配置策略及潜在资产收购机会', '消费者与社区银行（CCB）存款利润率与余额的未来走势']","['宏观不确定性：M&A监管环境及地缘政治局势', '运营风险：存款利润率压缩、存款余额下降、信贷成本上升（尤其是信用卡）', '竞争风险：客户转向资本市场融资导致贷款需求疲软']","[{'metric': '净收入', 'value': '129亿美元', 'growth': '不适用', 'meaning': '整体盈利能力'}, {'metric': '每股收益（EPS）', 'value': '4.37美元', 'growth': '不适用', 'meaning': '股东收益'}, {'metric': '营收', 'value': '433亿美元', 'growth': '同比增长6%', 'meaning': '总收入增长'}, {'metric': 'CET1比率', 'value': '15.3%', 'growth': '环比持平', 'meaning': '资本充足率'}, {'metric': '信用卡净冲销额', 'value': '21亿美元', 'growth': '同比增长5.9亿美元', 'meaning': '信贷风险上升'}, {'metric': '投资银行费用', 'value': '不适用', 'growth': '同比增长31%', 'meaning': '投行业务复苏'}, {'metric': '资产与财富管理长期净流入', 'value': '720亿美元', 'growth': '不适用', 'meaning': '资金流入强劲'}, {'metric': '2024年净利息收入（NII ex Markets）展望', 'value': '约915亿美元', 'growth': '不适用', 'meaning': '核心利息收入预期'}]",JPM,2024_Q3_jpm_processed.txt,2025-12-18 14:32:28
0.7,稳健，自由现金流18亿欧元，净负债增加13亿欧元但杠杆率保持在21%的审慎水平，中期股息每股5.5欧元显示财务实力,通过收购Joseph Phelps和Château Minuty等品牌强化葡萄酒业务组合，注重品牌组合的多样化和平衡，未提及大规模收购计划，强调有机增长和品牌投资,"['中国消费者消费模式变化及对业务的影响（特别是海外与国内消费比例）', 'Tiffany纽约旗舰店重开后的表现及全球门店改造计划', '手表业务战略及行业趋势，特别是品牌提升和区域曝光度']","['美国市场通胀环境导致需求疲软（特别是干邑和烈酒）', '亚洲货币波动对利润率造成压力', '美国时尚皮具市场面临压力，特别是入门级客户']","['有机收入增长17%', '经常性营业利润增长13%', '营业利润率27.4%', '自由现金流18亿欧元', '杠杆率21%', '时尚皮具业务有机收入增长20%', '香水化妆品有机收入增长13%', '手表珠宝有机收入增长13%', '精选零售有机收入增长26%', '葡萄酒烈酒有机收入下降3%', '中国消费者业务比例从15-85变为30-70（国内vs海外）', 'Tiffany美国市场占比约42%', 'Sephora利润率显著改善', 'DFS恢复盈利但远低于峰值10%以上利润率']",Louis Vuitton,2023_Q2_mc_processed.txt,2025-12-18 14:32:32
0.8,强劲运营现金流（超20亿欧元，同比增长超50%），但收购、分红和债务偿还导致净现金流为负17亿欧元；整体财务健康，现金生成能力强,积极收购策略，以补充产品组合和进入细分市场（如收购美国皮肤科护肤品牌Skinbetter Science）；动机包括强化创新能力和市场扩张；立场为战略性收购，注重整合和协同效应,"['中国市场战略：关注中国生态系统（包括海南）的销售占比、增长趋势及护肤品牌（如Helena Rubinstein、Aesop、Carita）的布局', '营销支出结构：询问广告与促销费用中社交媒体和数字媒体的占比变化，以及与传统媒体的对比', '竞争格局：探讨利率上升对小品牌（独立品牌）竞争的影响，以及大众市场与高端市场的利润率趋势和差异化']","['汇率波动：预计全年销售受汇率负面影响约5%，第二季度货币影响达负5.5%', '中国市场不确定性：海南旅游零售因政策调整面临下滑风险（近期下降约30%）', '通胀压力：发达经济体通胀环境可能影响消费者支出，但公司通过高端化策略部分抵消', '竞争加剧：社交媒体和电商平台催生众多小品牌，增加市场竞争复杂度']","['销售额：超200亿欧元（上半年），同比增长12%', '同店增长：13.3%（加速趋势，Q1为13%，Q2为13.7%）', '营业利润率：20.7%，提升30个基点', '每股收益（EPS）：6.73欧元，增长11.2%', '毛利率：74.3%，提升120个基点', '地区增长：欧洲增长18.2%，新兴市场增长23.6%，北美增长13%', '品类增长：护肤增长14.6%（占销售额超41%），香水增长21.8%，护发增长15.8%', '现金流：净运营现金流超20亿欧元，同比增长超50%', '广告促销支出：占销售额32.5%，增长15.3%', '数字媒体占比：广告支出的75%为数字媒体，社交媒体占比近20%', '股份回购：宣布5亿欧元回购计划，预计年末稀释股份数约5.37亿股']",Loreal,2023_Q2_or_processed.txt,2025-12-18 14:32:36
0.8,非常强劲，上半年自由现金流达45亿美元（同比增长11亿美元），为多年来最高水平；全年自由现金流预期上调至超过120亿美元；现金流受益于业务基本面改善和调整后EBITDA超额完成，部分被现金税等抵消；公司有能力处理收购相关的稀释和成本问题,积极收购以增强创新组合和混合云/AI能力；动机包括获取技术协同、市场协同和财务增长；立场是战略性收购（如HashiCorp、StreamSets、webMethods）符合长期财务模型，预计HashiCorp在12个月内调整后EBITDA增值，2年内自由现金流增值，长期可实现30-40%自由现金流利润率；同时剥离非核心资产（如QRadar部分资产给Palo Alto）以优化投资组合,"['自由现金流表现及全年预期上调的驱动因素，包括业务基本面、EBITDA超额完成和收购影响', 'Red Hat业务增长动态，特别是预订量强劲但收入增长放缓的原因，以及2024年增长前景（预计下半年中十位数CRPO，全年低双位数增长）', 'AI战略细节，包括开源Granite模型的决策逻辑、成本效益（比大型模型便宜约90%）、以及开发者生态扩展策略']","['宏观风险：利率和通胀影响咨询业务的决策时间和可自由支配支出，咨询业务预计全年仅低个位数增长', '竞争风险：AI模型市场竞争激烈，公司需通过开源和成本优势应对大型模型的威胁', '运营风险：收购（如HashiCorp）可能带来短期稀释和整合挑战，需通过生产力倡议和协同效应管理']","['营收：158亿美元，按固定汇率计算增长4%', '营业税前利润：28亿美元，增长17%', '稀释每股收益：2.43美元，增长11%', '自由现金流：上半年45亿美元，同比增长11亿美元；全年预期超过120亿美元', '软件业务增长：8%，受混合平台与解决方案、交易处理及Red Hat（OpenShift年度预订增长超40%）驱动', '基础设施业务增长：3%，其中IBM Z增长8%', '咨询业务增长：2%，受金融、供应链转型和云现代化需求推动，但受支出限制影响', '营业毛利率：扩大190个基点', '营业税前利润率：扩大220个基点', '研发投资：增长9%，聚焦AI、混合云和基础设施', 'Red Hat预订增长：历史季度在14%-20%之间，本季度略有放缓；下半年CRPO预计中十位数']",IBM,2024_Q2_ibm_processed.txt,2025-12-18 14:32:37
0.8,现金流强劲，调整后汽车自由现金流达53亿美元，资本配置积极，已完成50亿美元股票回购授权，正在进行100亿美元加速股票回购计划，董事会额外授权60亿美元用于未来回购。,未提及具体收购策略，但强调资本配置重点为股票回购和投资未来增长，包括电动汽车和自动驾驶技术。管理层立场为通过回购提升股东价值，同时投资于核心业务扩张。,"['中国市场的挑战及扭亏策略，包括合资企业亏损、结构调整和高端渠道出口机会。', '电动汽车产量与盈利平衡，关注能否在第四季度实现可变利润正值，以及需求导向的生产调整。', 'GM Financial的信用趋势及EBIT展望上调驱动因素，包括贷款组合质量和季节性影响。']","['中国市场表现不佳，导致1亿美元股权收益损失，面临结构性成本调整和需求疲软挑战。', '电动汽车产量可能低于20-25万辆目标，影响可变利润实现，存在需求不确定性和库存管理风险。', '监管环境对自动驾驶技术（如Cruise）的影响，需调整战略以降低成本并应对不确定性。']","[{'metric': 'Q2 2024营收', 'value': '480亿美元', 'growth': '同比增长7%', 'meaning': '受北美稳定定价和批发量增长驱动，反映核心业务强劲。'}, {'metric': '调整后EBIT', 'value': '44亿美元', 'growth': '同比增长12亿美元', 'meaning': '北美利润率达10.9%，显示运营效率和盈利能力提升。'}, {'metric': '美国电动汽车交付量', 'value': '环比增长34%', 'growth': '同比增长40%', 'meaning': '电动汽车业务加速扩张，市场份额增长。'}, {'metric': '2024年调整后EBIT指引', 'value': '130-150亿美元', 'growth': '较年初指引上调10亿美元', 'meaning': '管理层信心增强，反映业务改善和成本控制。'}, {'metric': '调整后每股收益指引', 'value': '9.50-10.50美元', 'meaning': '盈利预期上调，支撑股东回报。'}, {'metric': '股票回购', 'value': 'Q2回购10亿美元', 'meaning': '资本配置积极，已减少完全稀释股数18%。'}, {'metric': '净固定成本节约目标', 'value': '2024年底前20亿美元', 'meaning': '成本管理措施推进，提升运营效率。'}, {'metric': 'GM Financial EBIT指引', 'value': '27.5-30亿美元', 'growth': '较Q1指引上调', 'meaning': '金融业务表现稳健，但下半年面临季节性信贷压力。'}]",GM,2024_Q2_gm_processed.txt,2025-12-18 14:32:38
0.8,现金流强劲，通过强劲运营增长和26亿美元股票回购支撑，但预计第三季度将产生约1.9亿美元重组费用。,未提及具体收购策略，但强调通过组织重组重新分配资源至高增长市场，投资于开放接受度和新垂直领域，并嵌入AI技术以加速增长。,"['开放银行在美国的发展前景及与卡支付生态的竞争', '利润率扩张与持续投资之间的平衡', 'AI在反欺诈领域的应用及欺诈者使用AI的威胁']","['宏观经济环境复杂，通胀和利率仍处于高位', '不同收入水平的消费模式存在差异', '开放银行等新兴技术可能对传统卡支付构成长期挑战', '欺诈技术不断演变，网络安全风险增加']","[{'metric': '净收入增长率', 'value': '13%', 'meaning': '反映公司整体收入增长动力'}, {'metric': '调整后净利润增长率', 'value': '24%', 'meaning': '非GAAP货币中性基础上的盈利能力提升'}, {'metric': '跨境交易量增长率', 'value': '17%', 'meaning': '国际业务扩张和旅行消费复苏的指标'}, {'metric': '全球总美元交易额增长率', 'value': '9%', 'meaning': '整体支付活动规模增长'}, {'metric': '美国总美元交易额增长率', 'value': '6%', 'meaning': '美国市场支付活动增长'}, {'metric': '非美国总美元交易额增长率', 'value': '11%', 'meaning': '国际市场增长快于美国'}, {'metric': '交换交易增长率', 'value': '11%', 'meaning': '支付处理活动增加'}, {'metric': '非接触支付占比', 'value': '69%', 'meaning': '数字化支付方式普及率'}, {'metric': '增值服务净收入增长率', 'value': '19%', 'meaning': '咨询、数据分析、营销服务等高附加值业务增长'}, {'metric': '运营费用增长率', 'value': '10%', 'meaning': '战略投资和间接税增加导致的成本上升'}, {'metric': '每股收益', 'value': '$3.59', 'meaning': '股东盈利能力指标'}, {'metric': '股票回购金额', 'value': '$2.6B', 'meaning': '资本回报和股东价值提升'}, {'metric': '第三季度净收入增长预期', 'value': '低双位数高端', 'meaning': '管理层对未来增长的乐观展望'}, {'metric': '第三季度运营费用增长预期', 'value': '低双位数', 'meaning': '预计成本将继续增长以支持投资'}, {'metric': '第三季度重组费用', 'value': '$190M', 'meaning': '组织重组相关的一次性成本'}]",Mastercard,2024_Q2_ma_processed.txt,2025-12-18 14:32:47
0.4,稳健，库存下降14%，Q2回购5.84亿美元股票，年初至今回购总额12亿美元，剩余10亿美元回购额度，现金流管理审慎,未提及具体收购策略，重点聚焦有机增长，通过新店扩张（计划2024年新增35-40家门店）和国际市场扩张（目标2026年国际收入较2021年翻两番）驱动增长,"['美国女装业务复苏计划及新品推出时间表（重点关注2025年春季能否恢复历史新品水平）', '中国市场增长可持续性及宏观环境影响（尽管增长强劲，但需关注比较基数变化和消费压力）', '毛利率峰值担忧及SG&A费用控制（在竞争环境下如何维持盈利扩张）']","['美国市场女装业务疲软，新品不足导致转化率下降', '中国市场增长虽强但面临宏观消费压力潜在风险', '毛利率预期因固定成本和运费上升而略有下降', '产品组合依赖核心款式，创新节奏影响短期表现']","[{'metric': 'Q2营收', 'value': '24亿美元', 'growth': '7%', 'meaning': '总营收增长主要由国际市场驱动'}, {'metric': '中国市场营收增长', 'value': '34%（固定汇率37%）', 'growth': 'N/A', 'meaning': '国际增长核心引擎，受益于全渠道模式和产品创新'}, {'metric': '国际市场营收增长', 'value': '29%（固定汇率31%）', 'growth': 'N/A', 'meaning': '除中国外其他国际市场增长24%（固定汇率27%）'}, {'metric': '美国营收', 'value': '持平', 'growth': '0%', 'meaning': '女装业务放缓拖累整体表现'}, {'metric': '每股收益（EPS）', 'value': '增长18%', 'growth': '18%', 'meaning': '强劲毛利率推动盈利超预期'}, {'metric': '毛利率', 'value': '59.6%', 'growth': '同比提升80个基点', 'meaning': '优于预期下降100-110个基点的预测'}, {'metric': '运营利润率', 'value': '22.8%', 'growth': '同比提升110个基点', 'meaning': '费用管理和季节性产品销售强劲'}, {'metric': '库存', 'value': '下降14%', 'growth': '-14%', 'meaning': '库存水平符合预期，管理有效'}, {'metric': '2024全年营收指引', 'value': '103.75亿-104.75亿美元', 'growth': '8-9%（剔除53周为6-7%）', 'meaning': '反映稳健增长预期，但增速受美国市场挑战影响'}, {'metric': '2024全年EPS指引', 'value': '13.95-14.15美元', 'growth': 'N/A', 'meaning': '盈利增长预期保持'}, {'metric': '门店扩张', 'value': '新增35-40家', 'growth': '总面积低双位数增长', 'meaning': '支撑长期增长，尤其在国际市场'}]",Lululemon,2025_Q2_lulu_processed.txt,2025-12-18 14:32:50
0.7,稳健的现金流状况，维持投资级评级；计划全年向股东返还约43亿美元，包括第四季度5亿美元现金用于收购芝加哥喜来登大酒店；债务管理审慎，资本配置平衡增长投资与股东回报,收购策略以战略性资产为主，如计划收购芝加哥喜来登大酒店；动机包括强化高端市场布局和获取优质资产；立场为选择性利用资产负债表，在具有显著费用增长潜力的战略性交易中考虑关键资金支持，但整体关键资金使用比例和金额低于2019年水平,"['中国市场需求疲软对全球业务的影响及复苏前景', '美国酒店建设开工增长40%但融资环境仍受限，对管道增长的影响', '低端市场需求放缓是否向高端市场蔓延及辅助性消费疲软趋势']","['大中华区受宏观经济压力影响，RevPAR下降4%，预计全年负增长', '全球辅助性消费（如餐饮、额外旅行）出现疲软，反映消费者支出更趋谨慎', '美国建筑债务供应仍相对受限，影响新酒店开工建设进度', '中国预订窗口极短（1-3天），增加业务能见度挑战']","[{'metric': '全球RevPAR增长率', 'value': '近5%', 'meaning': '反映整体酒店业务需求强度'}, {'metric': '平均每日房价(ADR)', 'value': '增长约3%', 'meaning': '定价能力指标'}, {'metric': '入住率', 'value': '73%（上升150个基点）', 'meaning': '酒店利用率改善'}, {'metric': '总收入', 'value': '13.4亿美元（同比增长7%）', 'meaning': '整体业务规模增长'}, {'metric': '调整后EBITDA', 'value': '13.2亿美元（同比增长9%）', 'meaning': '运营盈利能力提升'}, {'metric': '调整后EPS', 'value': '2.50美元（同比增长11%）', 'meaning': '股东回报增长'}, {'metric': '亚太区（不含中国）RevPAR增长', 'value': '13%', 'meaning': '国际市场需求强劲，日本增长21%'}, {'metric': '大中华区RevPAR变化', 'value': '下降4%', 'meaning': '受宏观经济压力和出境高端旅行增加影响'}, {'metric': '集团业务RevPAR增长', 'value': '10%', 'meaning': '企业会议和团体需求强劲'}, {'metric': '商务临时需求RevPAR增长', 'value': '4%', 'meaning': '中小企业需求显著增长'}, {'metric': '休闲临时需求RevPAR增长', 'value': '2%', 'meaning': '休闲需求持续但增速放缓'}, {'metric': '净新增客房数', 'value': '15,500间', 'meaning': '全球扩张步伐稳健'}, {'metric': '转换酒店占比', 'value': '开业占37%，签约占32%', 'meaning': '转换成为增长重要驱动力'}, {'metric': '美国建设开工增长', 'value': '40%', 'meaning': '新酒店开发活动加速'}, {'metric': '联名信用卡费用增长', 'value': '10%', 'meaning': '忠诚度计划货币化能力'}, {'metric': '2024年全球RevPAR预期增长', 'value': '3%-4%', 'meaning': '管理层对下半年需求展望'}, {'metric': '2024年调整后EPS预期', 'value': '9.23-9.40美元', 'meaning': '全年盈利指引'}]",Marriott,2024_Q2_mar_processed.txt,2025-12-18 14:32:52
-0.2,面临库存压力，需通过促销活动清理过剩库存，但通过产品成本降低和战略定价维持了毛利率改善；撤回全年指引以保持灵活性，SG&A费用预计持平，有效税率预计在较高区间,未提及具体收购策略；重点在于内部战略调整，包括产品组合重新平衡、减少对经典系列的依赖、加速新品和创新，以及通过体育重新激发品牌动力；领导层过渡旨在重振创新精神,"['批发合作伙伴对新品推出的接受度及库存水平评估', '跑步品类在北美市场的复苏程度及市场份额恢复前景', '中国市场的宏观环境与NIKE特定挑战、库存渠道管理及新品接受度']","['宏观风险：中国消费者需求疲软、市场促销活动增加、东海岸港口罢工可能影响供应链', '竞争风险：在跑步专业渠道失去市场份额，需应对全球及本地竞争对手', '运营风险：库存水平升高（尤其在中国）、数字销售大幅下滑（NIKE Digital下降20%）、经典系列过度依赖导致产品组合失衡']","['营收下降10%（货币中性下降9%）', '毛利率提升120个基点至45.4%', 'EBIT下降15%', 'NIKE Digital销售下降20%', 'NIKE Direct销售下降12%', '北美营收下降11%', 'EMEA营收下降12%（NIKE Digital下降24%）', '大中华区营收下降3%（NIKE Digital下降34%，批发增长10%）', 'APLA市场营收下降2%', 'Q2营收预期下降8%-10%', 'Q2毛利率预期下降约150个基点', '新鞋类产品收入双位数增长', 'Sabrina系列增长5倍', 'Alphafly需求增长三倍', '春季鞋类订单预计中高个位数增长', '跑步品类订单双位数增长']",Nike,2025_Q1_nke_processed.txt,2025-12-18 14:32:53
0.8,"Strong cash flow generation with $34 billion returned to shareholders in fiscal year. Capital expenditures increasing for AI infrastructure investments, with flexible demand-driven spending approach. Operating margins slightly pressured by AI investments and Activision integration costs.","Activision acquisition completed to strengthen gaming portfolio across console, PC and mobile platforms. Strategy focuses on owning IP to create software annuity/subscription business with enhanced transaction revenue. Future M&A likely to complement AI/cloud capabilities.","['AI infrastructure capacity constraints and capital expenditure efficiency - how Microsoft manages demand signals vs. CapEx spending', 'Azure revenue growth sustainability and margin trajectory - balancing capacity constraints with growth expectations', 'Copilot productivity gains replication - potential for M365 Copilot to achieve similar adoption/impact as GitHub Copilot']","['Capacity constraints on AI services limiting near-term Azure growth', 'European economic softness affecting non-AI consumption', 'Operating margin pressure from AI infrastructure investments', 'Integration costs from Activision acquisition impacting earnings', 'Foreign currency fluctuations affecting reported growth rates']","[{'metric': 'Q4 Revenue', 'value': '$64.7 billion', 'growth': '15% YoY', 'meaning': 'Strong overall performance across business segments'}, {'metric': 'EPS', 'value': '$2.95', 'growth': '10% YoY', 'meaning': 'Earnings growth despite integration costs'}, {'metric': 'Microsoft Cloud Revenue', 'value': '$36.8 billion', 'growth': '21% YoY', 'meaning': 'Core growth driver with expanding market share'}, {'metric': 'Azure Growth', 'value': '29%', 'growth': '29% YoY', 'meaning': 'Accelerating cloud infrastructure adoption'}, {'metric': 'Commercial Bookings Growth', 'value': '17%', 'growth': '17% YoY', 'meaning': 'Strong enterprise commitment and future revenue visibility'}, {'metric': 'Cloud Gross Margin', 'value': '69%', 'change': '-2 points', 'meaning': 'Pressure from AI infrastructure mix shift'}, {'metric': 'Activision Revenue Contribution', 'value': '3 points', 'meaning': 'Positive revenue impact but negative operating income impact'}, {'metric': 'Azure Arc Customers', 'value': '36,000', 'growth': '90% YoY', 'meaning': 'Rapid adoption of hybrid cloud management'}, {'metric': 'Xbox Content Services Growth', 'value': '61%', 'meaning': 'Strong gaming performance with Activision contribution'}, {'metric': 'FY25 Azure Growth Guidance', 'value': '28-29%', 'meaning': 'Continued strong growth expected despite capacity constraints'}]",Microsoft,2024_Q4_msft_processed.txt,2025-12-18 14:32:58
0.9,现金流强劲，运营现金流达145亿美元，用于74亿美元股票回购和分红；董事会批准额外500亿美元股票回购授权，显示财务实力雄厚,无重大收购策略披露；管理层强调专注于技术提供而非垂直整合，通过广泛的ODM/OEM合作伙伴生态系统（如Quanta、Foxconn、HP、Dell等）实现规模化，避免直接集成以保持技术领先和供应链灵活性,"['中国市场的贡献和竞争态势，包括出口管制影响及未来预期', 'Hopper和Blackwell架构的产品周期、收入混合及增长前景', 'Blackwell产品周期中机架规模系统的混合动态及NVLink技术应用']","['中国市场面临竞争压力和出口管制，预期未来竞争激烈', '毛利率因新产品混合（如Blackwell低收益材料库存）和库存准备而略有下降', '运营费用因薪酬相关成本增加而上升12%']","[{'metric': 'Q2营收', 'value': '300亿美元', 'growth': '同比增长122%，环比增长15%', 'meaning': '远超280亿美元预期，显示强劲增长势头'}, {'metric': '数据中心营收', 'value': '263亿美元', 'growth': '环比增长16%，同比增长154%', 'meaning': '主要增长驱动力，占营收主体'}, {'metric': 'GAAP毛利率', 'value': '75.1%', 'growth': '非GAAP毛利率75.7%', 'meaning': '高利润率反映定价权和成本控制，但因新产品混合略有下降'}, {'metric': 'Q3营收指引', 'value': '325亿美元', 'growth': '±2%波动', 'meaning': '持续增长趋势，受Hopper需求及Blackwell初步采样推动'}, {'metric': '运营现金流', 'value': '145亿美元', 'growth': 'N/A', 'meaning': '强劲现金流支持股票回购和分红'}, {'metric': '股票回购授权', 'value': '500亿美元', 'growth': '新增授权', 'meaning': '显示财务稳健和对股东回报的承诺'}, {'metric': '数据中心计算营收增长', 'value': '>2.5倍', 'growth': '同比增长', 'meaning': 'Hopper GPU需求强劲'}, {'metric': '数据中心网络营收增长', 'value': '>2倍', 'growth': '同比增长', 'meaning': '网络平台需求翻倍'}, {'metric': '云服务提供商占比', 'value': '~45%', 'growth': '数据中心营收占比', 'meaning': '主要客户群体贡献显著'}, {'metric': '推理营收占比', 'value': '>40%', 'growth': '过去四个季度数据中心营收占比', 'meaning': '推理应用成为重要收入来源'}, {'metric': 'H200内存带宽提升', 'value': '40%', 'growth': '较H100提升', 'meaning': '产品性能显著增强，支持更高效AI处理'}, {'metric': 'Blackwell AI吞吐量提升', 'value': '3-5倍', 'growth': '较Hopper在功耗限制下', 'meaning': 'Blackwell架构带来性能飞跃'}, {'metric': 'NVLink带宽', 'value': '259 TB/s', 'growth': '单机架内，较Hopper提升约10倍', 'meaning': '支持大规模AI模型训练和低延迟推理'}, {'metric': '软件年化营收', 'value': '20亿美元', 'growth': '年底预期运行率', 'meaning': '软件业务成为增长新动力'}]",Nvidia,2025_Q2_nvda_processed.txt,2025-12-18 14:33:10
0.8,现金流强劲，自由现金流上半年增长86%至8.2亿欧元，现金转换率41%，预计年底接近100%。净债务略有增加，主要由于股息支付、AVEVA交易相关税费及年度奖金，但资产负债表依然稳健，预计2024年自由现金流至少达40亿欧元。,管理层未在本次通话中明确提及新的收购策略，但强调通过现有业务组合（如AVEVA软件业务）和合作伙伴关系（如半导体行业的Catalyze计划）推动增长，关注技术创新和可持续发展领域的合作机会。,"['中国市场的复苏前景及对全年增长的贡献，特别是在OEM自动化业务中的表现。', '工业自动化（IA）业务增长分化及下半年展望，包括订单疲软、供应链挑战和软件业务向订阅模式转型的影响。', '建筑市场（尤其是非住宅领域）的需求动态，涉及能源韧性、办公室翻新及基础设施项目的趋势。']","['宏观风险：欧洲住宅建筑市场疲软，中国OEM业务复苏缓慢，部分区域（如DACH地区）需求温和。', '运营风险：供应链持续影响库存水平和某些电子组件供应，可能拖累工业自动化业务。', '竞争/市场风险：软件业务（如RIB）在特定地区面临需求放缓，同时向订阅模式转型可能短期压制收入增长。']","['有机收入增长15%，达176亿欧元。', '毛利率提升220个基点，反映价格传导和生产率改善。', '上半年自由现金流增长86%至8.2亿欧元，现金转换率41%。', '调整后EBITA利润率预期提升120-150个基点。', '全年有机调整后EBITA增长指引上调至18%-23%。', '库存天数受供应链影响，但预计年底改善。', '调整后净收入可比增长13%，净利润增长33%（受俄罗斯业务退出成本影响）。', '年度奖金计提2.3亿欧元。', '可持续发展影响评分（SSI）Q2达5.28，目标年底达到6。', '自2008年以来累计为4200万人提供绿色电力，目标5000万人。', '美国市场跟踪3.5万个项目，政府资助超2000亿欧元，私人资金加倍。']",Schneider Electric,2023_Q2_su_processed.txt,2025-12-18 14:33:11
0.8,强劲现金流状况，Q1运营现金流74亿美元，自由现金流51亿美元，现金及有价证券近110亿美元，资本支出23亿美元，计划2025财年资本支出翻倍以满足需求增长,通过战略收购（如Cerner）增强医疗健康业务能力，将AI技术深度整合到现有产品中而非单独销售，通过多云协议（与微软、谷歌、AWS合作）扩大市场覆盖，致力于通过技术创新和收购为股东创造价值,"['RPO大幅增长52%至990亿美元背景下，数据中心基础设施供应能力和建设效率问题，以及从签约到收入转化的时间线', '在近期高调网络安全事件频发的环境下，Oracle如何通过更高安全性（特别是自动化、生物识别认证等技术）赢得大型OCI交易', 'AI技术（特别是Cerner医疗系统中的AI应用）的商业化路径和时间表']","['需求持续超过供应能力，尽管公司正在加速扩张但仍面临供应限制', '网络安全威胁日益严重，需要持续投资下一代安全技术', '大规模数据中心建设面临电力供应、传输和基础设施建设挑战', '宏观经济不确定性可能影响客户支出决策']","[{'metric': '总营收', 'value': '133亿美元', 'growth': '同比增长8%', 'meaning': '公司整体业务规模持续扩张'}, {'metric': '总云营收', 'value': '56亿美元', 'growth': '同比增长22%', 'meaning': '云业务成为主要增长引擎'}, {'metric': 'SaaS营收', 'value': '35亿美元', 'growth': '同比增长10%', 'meaning': '软件即服务业务稳定增长'}, {'metric': 'IaaS营收', 'value': '22亿美元', 'growth': '同比增长46%（去年增长64%）', 'meaning': '基础设施即服务业务超高速增长'}, {'metric': '剩余履约义务(RPO)', 'value': '990亿美元', 'growth': '按固定汇率计算增长52%', 'meaning': '未来收入能见度高，反映大额长期合同增加'}, {'metric': '非GAAP每股收益', 'value': '1.39美元', 'growth': '美元计算增长17%', 'meaning': '盈利能力持续改善'}, {'metric': '运营现金流', 'value': '74亿美元', 'growth': '未提供同比', 'meaning': '现金流生成能力强劲'}, {'metric': '自由现金流', 'value': '51亿美元', 'growth': '未提供同比', 'meaning': '可用于投资和股东回报的现金充裕'}, {'metric': '运营利润率', 'value': '43%', 'growth': '同比增长（未提供具体数字）', 'meaning': '运营效率提升，云业务规模效应显现'}, {'metric': '后办公室SaaS应用年化营收', 'value': '82亿美元', 'growth': '同比增长18%', 'meaning': '企业应用业务持续扩张'}, {'metric': '云区域数量', 'value': '85个运营中，77个规划中', 'growth': '持续扩张', 'meaning': '全球基础设施布局加速'}, {'metric': '下季度总营收增长指引', 'value': '8%-10%（美元计算）', 'growth': '持续增长', 'meaning': '管理层对短期业绩保持乐观'}, {'metric': '下季度总云营收增长指引', 'value': '24%-26%（美元计算）', 'growth': '加速增长', 'meaning': '云业务增长势头强劲'}]",Oracle,2025_Q1_orcl_processed.txt,2025-12-18 14:33:11
0.8,现金流强劲，资本回报积极。Q2运营现金流同比增长10%至8.92亿美元，自由现金流增长20%至7.55亿美元。FY25运营现金流预计增长23-25%，资本支出低于营收2%。公司积极回购股票（Q2执行43亿美元）并支付股息（近4亿美元），显示财务健康。,管理层未提及新的收购策略，但强调了对历史收购（如ExactTarget、Demandware、Tableau、Slack）的深度整合。当前焦点是加速将这些平台重写到核心架构上，以支持AI驱动的统一系统，而非进行新收购。立场是平台整合优先于新并购。,"['Agentforce的部署速度和Data Cloud是否为前提条件：分析师关注现有客户如何快速启用Agentforce，以及Data Cloud是否必需（管理层回应称非必需但强烈推荐）。', '美洲地区增长放缓的原因：分析师询问美洲业务从两位数增长降至约8%的原因，是否因市场饱和或竞争（管理层归因于谨慎的购买环境，特别是交易型和SMB业务）。', 'CFO过渡的决策背景：分析师询问CFO离职的时机和原因（管理层回应为个人职业规划，强调在任期内实现了运营利润率翻倍和大量股票回购）。']","['宏观风险：美洲地区出现“measured buying environment”（谨慎购买环境），影响交易型和中小型企业业务，可能反映经济不确定性。', '竞争风险：管理层提及微软等竞争对手在AI模型定制化上误导客户，暗示市场竞争加剧和客户教育挑战。', '运营风险：向Agentforce和统一平台转型涉及技术整合复杂性，需重写历史收购产品，存在执行风险。']","['Q2营收93.3亿美元，同比增长8%（固定汇率增长9%）。', '订阅和支持营收固定汇率增长10%，销售云和服务云实现两位数增长。', '非GAAP运营利润率33.7%，同比提升200个基点。', 'FY25营收指引377-380亿美元，同比增长8-9%；非GAAP运营利润率预计提升230个基点至32.8%。', 'Q2运营现金流8.92亿美元，同比增长10%；自由现金流7.55亿美元，增长20%。', 'FY25运营现金流预计增长23-25%，自由现金流增长25-27%。', 'Q2股票回购43亿美元，股息支付近4亿美元，总计资本回报47亿美元。', '美洲地区增长7%（固定汇率8%），EMEA增长11%，APAC增长9%（固定汇率16%）。', 'Agentforce试点中解决超过90%的患者咨询，客户满意度评分4/5。', '目标到FY26年底部署约10亿个Agentforce代理。']",SalesForce,2025_Q2_crm_processed.txt,2025-12-18 14:33:13
0.7,Strong free cash flow performance of €2.5 billion in industrial business over first nine months; robust financial position with accelerated share buyback program (€700 million repurchased since February); solid earnings from Siemens Financial Services with lower credit risk provisions,"Open to both bolt-on and larger acquisitions, particularly in software and hardware areas; defines 'larger acquisitions' as single-digit billion range (€5-10 billion), citing Mentor Graphics as successful example; continues smaller software acquisitions to build volume and leverage sales channels; maintains disciplined capital allocation approach","['Acquisition strategy and capacity for larger deals, particularly asking about size thresholds and target areas', 'Sustainability of exceptional software growth (82% revenue increase) and whether this performance can be repeated', 'Performance challenges in automation business (25% revenue decline) and competitive dynamics in China']","['Difficult economic conditions in China and Europe with weak investment sentiment in core markets like machine building and automotive', ""Temporary production slowdowns in Mobility's rolling stock business due to supplier quality issues"", 'Decreased capacity utilization and slower industrial activity in China affecting automation business', 'Macro indicators pointing to continuing challenging conditions for industrial demand']","['Smart Infrastructure electrification business grew 21% driven by data center demand and renewable energy grid expansion', 'Digital Industries software revenue surged 82% from large PLM and EDA license contracts', 'Smart Infrastructure data center business expected to grow >50% in orders and ~30% in revenue for fiscal 2024', 'Mobility profit margin improved to 8.7% with €84 billion order backlog', 'Digital Industries automation business revenue declined 25% due to lower capacity utilization', 'Overall company revenue grew 5% to €18.9 billion', 'Smart Infrastructure delivered 10% revenue growth with orders reaching €6 billion', 'Book-to-bill ratio reached 1.05 driven by Smart Infrastructure and Siemens Healthineers', 'Total order backlog stands at €113 billion', 'Profit Industrial business totaled >€3 billion with 110 basis points margin expansion', 'Smart Infrastructure expected to maintain profit margin in upper range of 16-17%', 'Mobility expects revenue growth of 8-11% with profit margin between 8-10%', 'Full-year guidance: revenue growth 4-8%, basic EPS €10.40-€11.00', 'Digital Industries profit margin bolstered to 22.9% by software conversions', 'Siemens Accelerator digital space revenue up 29% year-to-date', 'Cloud share over 39%, one year ahead of expectations', 'Service business represents 20% of revenue']",SIE,2024_Q3_sie_processed.txt,2025-12-18 14:33:15
0.8,现金流强劲，财务状况稳健。Q2运营现金流达135亿美元，资产负债表健康，资本支出维持在220-250亿美元目标区间，有能力持续进行股票回购和股东回报。,收购策略聚焦于增强核心业务竞争力，特别是LNG领域。收购Pavilion Energy旨在填补供应缺口、增加投资组合长度和灵活性。整体立场是选择性、纪律性的投资，优先考虑具有竞争优势和明确回报的项目。,"['市场营销业务表现超预期的具体原因，特别是高端燃料销量增长和利润率改善的驱动因素', '资本支出水平和现金流可持续性，关注当前投资率是否足以维持未来现金流', '低碳业务战略，包括氢能、CCS的投资逻辑、商业模式及其在整体能源转型中的定位']","['宏观风险：地缘政治紧张（中东、红海地区）影响产品交易波动性', '运营风险：生物燃料项目（鹿特丹）因市场条件不佳而暂停建设，需解决项目交付和未来竞争力问题', '转型风险：低碳业务处于早期阶段，需谨慎评估商业案例和监管支持，部分领域（如欧洲家庭能源业务）已退出']","[{'metric': '调整后收益', 'value': '63亿美元', 'meaning': '反映公司整体盈利能力和各业务板块的强劲表现'}, {'metric': '运营现金流', 'value': '135亿美元', 'meaning': '显示公司强大的现金生成能力和财务韧性'}, {'metric': '股票回购金额', 'value': '35亿美元', 'meaning': '连续第11个季度进行大规模回购，体现对股东回报的承诺'}, {'metric': '结构性运营费用削减', 'value': '17亿美元', 'meaning': '成本管理成效，目标是在2025年底前削减20-30亿美元'}, {'metric': '液体产量', 'value': '约140万桶/天', 'meaning': '上游业务计划维持该产量水平至本十年末，确保能源供应安全'}, {'metric': 'LNG项目峰值产量目标', 'value': '超过50万桶油当量/天', 'meaning': '到2025年新项目上线后的产量目标，支撑现金流 longevity'}, {'metric': '低碳投资预算', 'value': '100-150亿美元（2023-2025年）', 'meaning': '公司在能源转型中的资本配置，聚焦于具有竞争优势的领域'}, {'metric': 'Polaris CCS年捕获量', 'value': '65万吨', 'meaning': '碳捕集项目规模，支持公司Scope 1和2减排50%的目标'}]",Shell,2024_Q2_shel_processed.txt,2025-12-18 14:33:17
0.8,"Strong cash flow position with $6 billion free cash flow guidance for 2024, increased share buyback plan to $6 billion, and improved transaction margin dollars growth indicating healthy profitability and liquidity.","Focus on organic growth and platform innovation rather than acquisitions; strategy centers on transforming from individual products to an omnichannel open platform, leveraging two-sided network effects and data insights to expand market opportunity.","[""Competitive positioning against Apple Pay and other digital wallet providers, with emphasis on PayPal's market share stability and unique two-sided network advantage."", ""Growth dynamics of branded checkout, including regional performance (U.S. vs. international) and transaction margin drivers such as funding mix and Braintree's contribution."", 'Progress and monetization timeline for Fastlane initiative, including adoption strategy, pricing approach, and expected impact on guest checkout conversion rates.']","['Macroeconomic uncertainty in international markets, with noted softness in U.K. branded checkout and lapping of large Braintree contracts affecting TPV growth.', 'Competitive pressures from evolving digital payment landscape, including multiple checkout buttons and platform-specific wallets (e.g., Apple Pay, Google Wallet).', 'Operational challenges in scaling new initiatives like Fastlane and ads platform, with adoption expected to take quarters to years and monetization not yet fully realized.']","[{'metric': 'Total Payment Volume (TPV)', 'value': '$417 billion', 'growth': '11% year-over-year', 'meaning': 'Indicates overall transaction activity and platform scale, driven by both U.S. and international growth.'}, {'metric': 'Revenue', 'value': '$7.2 billion', 'growth': '9% currency-neutral', 'meaning': 'Reflects top-line growth from transaction fees and value-added services, with stable performance across segments.'}, {'metric': 'Non-GAAP EPS', 'value': '$1.19', 'growth': '36% year-over-year', 'meaning': 'Highlights improved profitability from higher transaction margins and interest income, supporting raised full-year guidance.'}, {'metric': 'Active Accounts', 'value': '429 million total, 222 million monthly active', 'growth': 'Steady user base expansion', 'meaning': 'Demonstrates customer engagement and platform stickiness, with growth in both PayPal and Venmo segments.'}, {'metric': 'Transactions per Active Account', 'value': '60.9', 'growth': '11% year-over-year', 'meaning': 'Shows increasing usage frequency and deepening customer relationships, driven by product enhancements.'}, {'metric': 'Venmo TPV', 'value': '$73 billion', 'growth': '8% year-over-year', 'meaning': ""Highlights Venmo's continued momentum as a key growth driver, supported by new features like Teen Accounts and wallet integrations.""}, {'metric': 'Transaction Margin Dollars Growth', 'value': '8%', 'growth': 'Best performance since 2021', 'meaning': 'Signals improved profitability per transaction, with Braintree contributing positively for the first time in over two years.'}, {'metric': '2024 Free Cash Flow Guidance', 'value': '$6 billion', 'growth': 'Raised outlook', 'meaning': 'Reflects strong cash generation capability, supporting strategic investments and shareholder returns via buybacks.'}]",PAYPAL,2024_Q2_pypl_processed.txt,2025-12-18 14:33:17
0.8,公司现金流强劲，尽管遭受网络攻击导致每股0.60-0.70美元的业务中断成本，但仍维持全年调整后每股收益27.50-28.00美元的指引。公司为医疗提供商提供了90亿美元的无息贷款和预付款，显示财务灵活性充足。,收购策略聚焦于通过Optum各业务线（健康服务、药房服务、数据分析）实现垂直整合，动机是减少医疗碎片化、改善护理协调并降低成本。管理层立场积极，强调Medicare Advantage计划每年为老年人提供超过2000美元的额外价值，并通过家庭访问等项目展示差异化优势。,"['网络攻击对OptumInsight业务积压订单的影响及恢复预期（积压订单环比下降2亿美元，但管理层预计2025年恢复基线表现）', '提供商编码活动变化及应对措施（管理层认为编码变化主要由网络攻击期间的护理级别豁免引起，已加强利用率管理协议）', 'OptumRx业务在PBM行业关注度提升背景下的驱动因素，包括生物类似药和GLP-1药物等治疗类别的影响']","['网络攻击导致重大业务中断，影响每股收益0.60-0.70美元，医疗护理比率增加约65个基点', 'Medicare Advantage业务面临V-28资金削减的价格压力', '提供商编码模式变化可能带来持续成本压力', 'PBM（药房福利管理）业务面临行业监管和审查风险']","[{'metric': '上半年营收增长', 'value': '近140亿美元', 'meaning': '整体业务增长强劲，主要由Optum业务双位数增长驱动'}, {'metric': '网络攻击对每股收益影响', 'value': '0.60-0.70美元', 'meaning': '一次性业务中断成本，公司已吸收该影响并维持全年指引'}, {'metric': 'UnitedHealthcare营收', 'value': '740亿美元（增长36亿美元）', 'meaning': '健康福利业务持续扩张，国内商业会员上半年增加230万'}, {'metric': 'OptumHealth营收增长', 'value': '13%至270亿美元', 'meaning': '健康服务业务增长稳健，风险基础生命数量过去两年增长40%'}, {'metric': 'OptumRx营收增长', 'value': '13%至超过320亿美元', 'meaning': '药房服务业务保持强劲增长，受益于差异化服务和低成本药物交付'}, {'metric': 'OptumInsight积压订单', 'value': '近330亿美元（环比下降2亿美元）', 'meaning': '受网络攻击影响有所下降，但管理层对2025年恢复信心充足'}, {'metric': 'Medicare Advantage额外价值', 'value': '每年超过2000美元', 'meaning': '相比传统医疗保险，为老年人提供更低的自付费用和额外服务'}, {'metric': '家庭访问次数', 'value': '去年超过250万次', 'meaning': '通过家庭访问识别30万老年人的新兴健康需求，帮助关闭300万护理缺口'}]",UnitedHealth,2024_Q2_unh_processed.txt,2025-12-18 14:33:26
0.4,现金流健康，但面临资本支出压力。公司正积极管理成本（目标节约超75亿美元），并投资于邮轮等增长领域，预计这些投资将快速回本。印度业务剥离后将改善盈利结构。,公司对ESPN寻求战略合作伙伴，主要关注内容合作以增强竞争力和扩大覆盖，但目前尚未达成具体协议。整体上，迪士尼更倾向于内部增长和选择性合作，而非大规模收购。,"['主题公园需求疲软及未来展望：分析师关注全球公园需求放缓的持续性、邮轮投资的影响，以及2025财年运营收入预期。', 'NBA新合同盈利性：分析师询问2026财年开始的NBA合同成本上升（数亿美元）的早期盈利驱动因素，包括WNBA增长和国际版权。', '迪士尼+ ARPU下降及增长策略：分析师关注ARPU因广告套餐和捆绑导致的下降、CTV环境表现，以及密码共享、定价和产品改进对增长的推动。']","['宏观风险：低收入消费者压力和高收入消费者国际旅行增加影响主题公园需求；广告市场中汽车类别疲软。', '运营风险：主题公园需求出现边际放缓，巴黎迪士尼受奥运会短期挑战；邮轮和公园投资导致2024-2025年费用上升。', '执行风险：流媒体盈利依赖内容强度、用户留存、广告层表现、技术改进和宏观经济条件；成本节约目标存在不确定性。']","[{'metric': 'Q3 2024营收增长', 'value': '2%', 'meaning': '主要由主题公园IP驱动，显示业务韧性但增长温和。'}, {'metric': '主题公园运营收入占比', 'value': '国内公园（含邮轮）60%，国际公园及消费品40%', 'meaning': '国内公园是盈利核心，但业务多元化提供缓冲。'}, {'metric': '广告收入增长', 'value': '整体8%，ESPN 17%，DTC流媒体20%', 'meaning': '广告市场健康，体育和流媒体IP驱动强劲表现。'}, {'metric': '迪士尼+ ARPU', 'value': '小幅下降', 'meaning': '受广告套餐和捆绑影响，但盈利仍强劲。'}, {'metric': '成本节约目标', 'value': '从55亿美元上调至超75亿美元', 'meaning': '积极成本管理以支持利润和再投资。'}, {'metric': '邮轮启动成本', 'value': '2025年约是2024年的两倍', 'meaning': '短期费用压力，但投资回报快，长期增长驱动。'}, {'metric': 'NBA合同期限', 'value': '12年（含总决赛）', 'meaning': '锁定长期体育版权，支持ESPN数字化和广告/分销收入。'}, {'metric': '流媒体历史亏损', 'value': '曾达每季度10亿美元', 'meaning': '现已盈利，目标超越两位数利润率，显示转型成功。'}]",Walt Disney,2024_Q3_dis_processed.txt,2025-12-18 14:33:39
0.8,现金流强劲，运营利润增长7.4%，电子商务亏损减少，库存管理良好，投资资本回报率提升230个基点，显示出健康的财务状况和运营效率,未在本次通话中明确提及新的收购策略。管理层强调通过有机增长、自动化投资和供应链增强来推动长期发展，关注现有市场的深化运营和全球业务协同,"['自动化进展及其对财务表现的影响：分析师关注自动化设施的建设进度、当前P&L中的效益体现以及未来几年的预期收益', '价格趋势与通货紧缩影响：分析师询问价格轨迹、价格差距变化以及自有品牌在潜在通货紧缩环境中的角色和渗透率', '毛利率展望与竞争格局：分析师关注下半年毛利率驱动因素的变化、竞争环境预期以及管理层对价格策略的立场']","['宏观经济不确定性：管理层多次提到经济和地缘政治的不确定性，保持谨慎乐观态度', '价格压力：部分品牌供应商仍在讨论成本上涨，管理层表示正在积极应对以降低价格', '国际业务波动性：大型促销活动（如印度的Big Billion Days）可能对国际业务的利润结构产生不成比例的影响', '消费者行为分化：不同收入水平的消费者行为存在差异，低收入群体更关注入门价格和月末消费模式']","[{'metric': '净销售额增长率', 'value': '4.9%', 'meaning': '反映公司整体销售增长，显示业务扩张和市场接受度'}, {'metric': '运营利润增长率', 'value': '7.4%', 'meaning': '表明运营效率提升和盈利能力增强'}, {'metric': '全球电子商务增长率', 'value': '21%', 'meaning': '显示数字化转型成功和线上渠道的强劲表现'}, {'metric': '美国电子商务增长率', 'value': '22%', 'meaning': '美国市场数字化进展迅速，门店履约交付增长50%'}, {'metric': '国际销售额增长率（恒定汇率）', 'value': '8.3%', 'meaning': '国际市场表现强劲，特别是在墨西哥、中国和印度'}, {'metric': '山姆会员店可比销售额增长率（不含燃料）', 'value': '5.2%', 'meaning': '会员制业务持续增长，年轻会员（Z世代和千禧一代）占比约50%'}, {'metric': '调整后每股收益', 'value': '$0.67', 'meaning': '超出指引高端，反映盈利能力强于预期'}, {'metric': '自动化设施覆盖率', 'value': '45%', 'meaning': '近一半的履约中心实现自动化，提升运营效率和客户满意度'}, {'metric': '美国市场通货紧缩率', 'value': '轻微通货紧缩', 'meaning': '整体价格略有下降，食品类别通胀放缓30个基点'}, {'metric': '美国市场私有品牌订单占比', 'value': '近50%', 'meaning': '在墨西哥等市场，私有品牌接受度高，推动市场份额增长'}, {'metric': '全年销售增长指引', 'value': '3.75%-4.75%', 'meaning': '管理层上调预期，反映对业务持续增长的信心'}, {'metric': '全年运营利润增长指引', 'value': '6.5%-8%', 'meaning': '利润增长预期高于销售增长，显示运营杠杆和效率提升'}]",Walmart,2025_Q2_wmt_processed.txt,2025-12-18 14:33:42
0.7,现金流强劲，财务状况稳健。第二季度经营现金流达91亿瑞典克朗，工业运营财务状况达593亿瑞典克朗，与去年基本持平。资本回报率超过40%，股本回报率13.6%，显示强劲的盈利能力和资产负债表管理效率。,采取战略联盟与资产优化并行的策略。与戴姆勒卡车建立战略联盟，共同开发软件定义的重型商用车，旨在提升运营效率和客户体验。同时，将Arquus出售给比利时John Cockerill，以优化投资组合，聚焦核心业务。,"['研发投入与资本化影响：分析师关注研发支出对集团息税前利润的影响，特别是净资本化带来的6亿瑞典克朗负面影响，以及全年预计的10亿瑞典克朗影响。', '欧洲市场订单与产能调整：分析师询问欧洲重型卡车订单是否稳定，以及公司是否已完成蓝领裁员和产能调整以适应需求。管理层回应称第二季度已实现平衡，并保留进一步灵活性。', '美国关税与供应链风险：分析师担忧潜在美国关税对供应链的影响，询问从欧洲或其他地区进口组件的情况。管理层表示拥有全球生产系统，但正通过区域价值链投资（如全新VNL卡车发布）和本地化生产来降低风险。']","['宏观需求正常化：卡车交付量下降8%，建筑设备交付量下降10%，欧洲和北美市场疲软，显示宏观需求放缓。', '电动化挑战：电动汽车需求放缓，客户因总拥有成本、基础设施和能源价格不确定性而犹豫，尽管交付量增长52%。', '市场预测下调：欧洲市场展望下调5个百分点至下降20%，南美市场调整为持平，反映市场动态变化带来的不确定性。', '地缘政治与关税风险：潜在美国关税可能影响全球供应链，尽管公司通过区域化投资缓解风险。']","[{'metric': '净销售额', 'value': '1400亿瑞典克朗', 'growth': '与去年持平', 'meaning': '尽管交付量下降，但通过价格和产品组合调整保持销售稳定。'}, {'metric': '调整后经营收入', 'value': '194亿瑞典克朗', 'growth': '经营利润率13.9%', 'meaning': '显示强劲的盈利能力和成本控制。'}, {'metric': '经营现金流', 'value': '91亿瑞典克朗', 'growth': '第二季度数据', 'meaning': '反映稳健的现金生成能力和资产负债表管理。'}, {'metric': '资本回报率', 'value': '41.3%', 'growth': '超过40%', 'meaning': '创纪录水平，表明资本使用效率极高。'}, {'metric': '每股收益', 'value': '7.65瑞典克朗', 'growth': '创纪录', 'meaning': '股东回报强劲。'}, {'metric': '卡车交付量', 'value': '58,900辆', 'growth': '下降8%', 'meaning': '反映市场需求正常化，尤其在欧洲和北美。'}, {'metric': '建筑设备交付量', 'growth': '下降10%', 'meaning': '受北美和欧洲销量下降影响，但中国显现触底迹象。'}, {'metric': '服务销售额', 'value': '330亿瑞典克朗', 'growth': '同比增长5%', 'meaning': '服务业务增长成为财务稳健性的关键驱动力。'}, {'metric': '电动卡车交付量增长', 'value': '增长52%', 'meaning': '尽管整体需求放缓，但电动化趋势仍在推进，公司在欧洲电动卡车市场占主导地位（占7/10）。'}, {'metric': '研发支出占比', 'value': '6%', 'meaning': '包括净资本化影响，公司继续投资未来技术，保持竞争力。'}]",Volvo,2024_Q2_volv+b_processed.txt,2025-12-18 14:33:44
